"(150.5000, 1.5000), 8.6314","(189.5000, 3.5000), 6.5193","(235.0000, 1.5000), 9.1242","(277.5000, 1.5000), 9.6178","(319.5000, 1.5000), 9.6178","(361.5000, 1.5000), 9.6178","(403.5000, 1.5000), 9.6178","(445.5000, 2.0000), 9.7083","(487.5000, 2.5000), 9.8235","(530.5000, 2.5000), 9.8235","(572.0000, 2.5000), 10.3079","(611.0000, 5.5000), 8.1395","(657.0000, 3.0000), 10.4404","(699.0000, 3.0000), 10.4404","(742.5000, 4.0000), 10.3079","(782.7273, 4.6136), 9.8718","(824.5000, 2.5000), 10.7936","(867.0000, 2.6923), 10.3562","(909.0000, 2.8125), 10.3881","(951.1417, 3.3346), 10.4071","(993.3058, 3.5388), 10.3200","(1036.0000, 4.5000), 10.0624","(1077.0000, 4.0000), 10.7704","(1119.5000, 4.1000), 10.3471","(1161.3750, 4.0000), 10.4232","(1203.5000, 4.1000), 10.3471","(1245.5000, 4.1923), 10.3840","(1287.4500, 4.5000), 10.5573","(1329.5000, 5.0000), 10.7356","(1371.5000, 5.0000), 10.7356"
"(151.0000, 39.0000), 10.2957","(192.9241, 39.7408), 10.5593","(235.0000, 40.0000), 10.2957","(277.5000, 40.5000), 10.5120","(319.8864, 40.5682), 10.4151","(361.5744, 40.8306), 10.4429","(403.4828, 41.0345), 10.5681","(445.5000, 41.5000), 10.5120","(488.0000, 42.0000), 10.2957","(530.1896, 42.1897), 10.5539","(572.7105, 42.7105), 10.4156","(614.7594, 43.0816), 10.7598","(657.3305, 43.6780), 10.7417","(699.3253, 43.8689), 10.5199","(741.5000, 44.1000), 10.3471","(783.4655, 44.4655), 10.5579","(825.0000, 44.0000), 10.2957","(867.1760, 44.6160), 10.7583","(909.3666, 45.0000), 10.6178","(951.4502, 45.1441), 10.4513","(993.5000, 45.1316), 10.4356","(1035.5000, 45.5000), 10.5120","(1077.5000, 45.5000), 10.5120","(1119.6326, 45.5301), 10.5965","(1161.6699, 45.8629), 10.5214","(1203.5000, 46.0000), 10.5476","(1245.6519, 46.0696), 10.5688","(1287.4850, 46.3872), 10.6204","(1330.0000, 46.7368), 10.5265","(1372.2451, 47.2647), 10.6465"
"(150.7213, 81.2951), 10.4035","(193.1194, 81.5299), 10.2345","(235.2778, 81.7222), 10.4105","(277.5000, 82.5000), 10.5120","(319.8158, 82.8158), 10.3703","(361.7222, 82.7222), 10.4105","(404.0000, 83.0000), 10.2957","(446.0000, 83.3333), 10.4617","(487.8103, 83.8103), 10.5539","(530.4526, 84.1443), 10.4499","(572.8793, 84.8793), 10.4599","(615.0521, 85.0208), 10.7706","(657.4380, 85.4917), 10.6565","(699.7082, 85.7193), 10.4217","(741.7328, 86.0763), 10.4940","(784.0000, 86.4000), 10.6472","(824.7222, 85.7222), 10.4105","(867.3790, 86.4839), 10.6146","(909.5000, 86.5000), 10.5120","(951.5000, 87.0000), 10.4044","(993.5000, 87.0000), 10.4044","(1035.7368, 87.4474), 10.3648","(1077.7179, 87.4222), 10.3497","(1120.0000, 87.7308), 10.4291","(1162.0000, 88.0000), 10.2957","(1203.8214, 88.1786), 10.5388","(1246.0000, 88.3056), 10.5639","(1288.1613, 88.3992), 10.4640","(1330.1897, 89.1897), 10.5539","(1372.5000, 89.5000), 10.5120"
"(151.0000, 123.0000), 10.2957","(193.0000, 123.5000), 10.5476","(235.2678, 123.9123), 10.4893","(277.5827, 124.1772), 10.4408","(320.0263, 124.6053), 10.3949","(362.0959, 124.5725), 10.4280","(404.1712, 125.3493), 10.3825","(446.1207, 125.1207), 10.4599","(488.3253, 125.8689), 10.5199","(530.5000, 126.5000), 10.5120","(573.2895, 126.7105), 10.4156","(615.3936, 127.2021), 10.7380","(657.7548, 127.6597), 10.6769","(699.9000, 128.0000), 10.3447","(741.7338, 128.0584), 10.5016","(784.3310, 128.6761), 10.7405","(825.5000, 128.1471), 10.4224","(867.6545, 128.4268), 10.5134","(909.5074, 128.5558), 10.6609","(951.5000, 128.5500), 10.5572","(993.5000, 128.6250), 10.6251","(1036.0759, 129.2592), 10.5593","(1078.0000, 129.5000), 10.7356","(1120.2467, 129.6200), 10.5157","(1162.2573, 130.1103), 10.5743","(1204.3700, 129.9874), 10.6267","(1246.5000, 130.5000), 10.5120","(1288.5664, 130.5705), 10.6042","(1331.0618, 131.3090), 10.5963","(1373.2307, 131.7981), 10.6347"
"(151.0000, 165.0000), 10.2957","(193.0000, 165.0000), 10.2957","(235.3864, 165.8068), 10.3883","(277.5900, 166.3100), 10.5141","(320.0000, 166.6000), 10.4001","(362.1207, 166.8793), 10.4599","(404.4243, 167.1818), 10.4491","(446.5000, 167.5000), 10.5120","(488.7430, 167.8825), 10.5774","(531.0000, 168.2632), 10.5265","(573.2890, 168.7025), 10.4116","(615.6160, 169.1760), 10.7583","(657.9346, 169.3092), 10.5982","(700.1173, 169.5864), 10.4025","(742.3868, 169.9340), 10.3871","(784.2650, 170.3205), 10.7049","(825.5000, 169.8529), 10.4224","(867.5930, 170.2209), 10.3107","(909.5000, 170.1923), 10.3840","(952.0000, 170.5000), 10.5476","(993.8793, 170.8793), 10.4599","(1036.2891, 171.2975), 10.4116","(1078.5000, 171.5000), 10.5120","(1120.4095, 171.5429), 10.5125","(1162.6219, 172.0122), 10.6221","(1204.6000, 172.4000), 10.5604","(1246.8103, 172.8103), 10.5539","(1289.2632, 173.0000), 10.5265","(1331.2894, 173.2895), 10.4157","(1373.5000, 174.0000), 10.5476"
"(151.0000, 207.0000), 10.2957","(193.0000, 207.5000), 10.5476","(235.2308, 207.7981), 10.6347","(277.5555, 208.0000), 10.3591","(320.0000, 208.2727), 10.1661","(362.1104, 208.5519), 10.4263","(404.3807, 209.2844), 10.3701","(446.3727, 209.2359), 10.3303","(488.8103, 209.8103), 10.5539","(531.1207, 210.1207), 10.4600","(573.1385, 210.6687), 10.5219","(615.5816, 211.1939), 10.7557","(657.9420, 211.3007), 10.9390","(700.0000, 211.4474), 10.4475","(742.2632, 212.0000), 10.5265","(784.5000, 212.1923), 10.3840","(826.0000, 212.0000), 10.8168","(867.6169, 212.1753), 10.7582","(909.8077, 212.5000), 10.8265","(952.2466, 212.6200), 10.5157","(994.5000, 213.0000), 10.5476","(1036.6915, 213.1170), 10.5500","(1078.6818, 213.5000), 10.5911","(1120.8824, 213.7430), 10.5775","(1163.1897, 214.1897), 10.5538","(1205.1311, 214.6748), 10.5199","(1247.3872, 214.4850), 10.6204","(1289.6489, 215.2979), 10.6332","(1331.8698, 215.2917), 10.7679","(1374.0000, 215.5000), 10.7356"
"(151.1897, 249.1897), 10.5539","(193.1842, 249.1842), 10.3703","(235.6812, 249.7250), 10.4117","(277.6667, 250.0000), 10.4617","(319.7533, 250.3800), 10.5157","(362.1875, 250.5625), 10.4393","(404.5757, 251.1818), 10.4492","(447.0000, 251.5000), 10.4044","(489.4100, 251.6900), 10.5141","(531.0000, 252.0000), 10.2957","(573.4100, 252.3100), 10.5141","(615.7727, 252.6818), 10.6844","(658.0000, 253.3056), 10.5639","(700.2750, 253.3188), 10.4117","(742.5000, 254.0000), 10.4044","(784.5439, 254.1044), 10.3085","(826.2306, 254.2510), 10.6275","(868.0118, 254.0276), 10.7916","(910.2844, 254.3807), 10.3701","(952.5000, 254.5000), 10.5120","(994.7368, 255.0000), 10.5266","(1036.7727, 255.3182), 10.3910","(1078.9000, 255.5000), 10.4624","(1121.2678, 255.9123), 10.4892","(1163.4525, 256.1443), 10.4499","(1205.5834, 256.5000), 10.5479","(1247.8103, 256.8103), 10.5539","(1290.1207, 257.1207), 10.4599","(1332.2142, 257.7857), 10.6547","(1374.6910, 257.9382), 10.5963"
"(151.1667, 291.0000), 10.2158","(193.4344, 291.1721), 10.4359","(235.5000, 292.5000), 10.1243","(277.5900, 291.6900), 10.5141","(320.2931, 292.2931), 10.4106","(362.2889, 292.2990), 10.4109","(404.5555, 293.0000), 10.3591","(446.8333, 293.1667), 10.2335","(489.2895, 293.7105), 10.4157","(531.2778, 293.7222), 10.4105","(574.5000, 294.5000), 10.1243","(615.7979, 294.6064), 10.7380","(658.2642, 295.3396), 10.7939","(700.5000, 295.4500), 10.5572","(742.7924, 295.9407), 10.4495","(784.7328, 295.9237), 10.4940","(826.6169, 296.1753), 10.7582","(868.7353, 296.2451), 10.6465","(910.6000, 296.6000), 10.8408","(953.1237, 296.7581), 10.5673","(995.0000, 296.7368), 10.5265","(1037.1176, 297.2570), 10.5775","(1079.5000, 297.3182), 10.5911","(1121.5834, 297.8333), 10.4500","(1163.7500, 298.2500), 10.6361","(1206.0000, 298.3055), 10.5639","(1248.1531, 298.9898), 10.7241","(1290.5000, 299.1429), 10.6698","(1332.5500, 299.4500), 10.5360","(1374.6593, 299.9026), 10.5493"
"(151.3837, 332.9419), 10.4376","(193.4444, 333.0000), 10.3591","(235.8090, 333.4957), 10.3874","(277.7213, 333.7049), 10.4035","(320.4100, 334.3100), 10.5141","(362.5000, 335.5000), 10.1243","(404.8158, 334.8158), 10.3703","(447.0000, 335.0000), 10.2957","(488.8507, 335.4627), 10.4009","(531.1585, 335.6951), 10.3110","(573.4184, 335.9082), 10.4189","(616.0000, 336.3667), 10.6177","(658.5000, 337.0000), 10.5476","(700.5000, 337.1000), 10.3471","(743.1667, 337.5000), 10.4377","(785.2000, 338.0000), 10.2001","(827.2435, 337.8680), 10.5727","(869.1740, 338.2709), 10.3213","(911.0000, 338.2917), 10.4405","(953.1699, 338.6942), 10.3017","(995.1301, 338.7192), 10.5475","(1037.4183, 339.0918), 10.4189","(1079.7158, 339.3714), 10.3753","(1122.0000, 339.6071), 10.4921","(1164.3055, 340.0000), 10.5639","(1206.5000, 340.5000), 10.5120","(1248.5000, 340.8077), 10.3840","(1290.7368, 341.0000), 10.5266","(1333.0000, 341.0000), 10.2957","(1374.5800, 341.1000), 10.4206"
"(151.4130, 374.7435), 10.3308","(193.3984, 375.0859), 10.4386","(235.8125, 375.5000), 10.3881","(277.8557, 375.5474), 10.4499","(320.0974, 376.3407), 10.5493","(362.4554, 376.1786), 10.4193","(404.8008, 376.9431), 10.4432","(446.8793, 376.8793), 10.4600","(489.2467, 377.6200), 10.5157","(531.4802, 377.5553), 10.5536","(573.6206, 378.0136), 10.6226","(616.2650, 378.3205), 10.7049","(658.5000, 378.8571), 10.6698","(700.7368, 379.0000), 10.5266","(743.3182, 379.5000), 10.5911","(785.5000, 380.0000), 10.4044","(827.0888, 379.6117), 10.4453","(869.5000, 380.0000), 10.7356","(911.6572, 380.2286), 10.8246","(953.5000, 380.5000), 10.6067","(995.6900, 380.5900), 10.5141","(1037.7500, 380.7500), 10.6361","(1079.9131, 381.3044), 10.5219","(1122.3276, 381.3276), 10.7419","(1164.4000, 381.6000), 10.5604","(1206.3392, 382.3214), 10.7425","(1248.9546, 382.4091), 10.6339","(1291.0000, 382.4474), 10.4475","(1333.0000, 383.0000), 10.7704","(1375.0618, 383.3090), 10.5963"
"(151.0696, 416.6519), 10.5687","(193.5000, 416.8077), 10.3840","(235.7426, 417.1103), 10.5743","(277.8214, 417.4554), 10.4193","(320.4348, 417.8044), 10.3468","(362.5000, 418.0000), 10.4044","(404.5905, 418.4572), 10.5125","(447.0593, 418.7924), 10.4495","(489.3645, 418.9299), 10.4062","(531.5000, 419.5000), 10.5120","(573.8260, 419.7291), 10.3213","(616.5000, 420.0000), 10.7356","(658.3333, 420.5000), 10.8334","(701.0000, 421.0000), 10.2957","(743.5000, 421.3333), 10.5844","(786.0000, 421.7692), 10.1857","(827.5000, 421.8077), 10.3840","(869.6818, 421.7727), 10.6843","(911.8333, 422.1667), 10.2335","(953.7194, 422.2918), 10.4217","(996.0000, 422.5000), 10.4044","(1038.1842, 422.8158), 10.3703","(1080.3800, 423.2467), 10.5157","(1122.5930, 423.2209), 10.3107","(1164.7146, 423.5766), 10.3521","(1207.0000, 423.5000), 10.5476","(1249.0000, 424.0000), 10.2957","(1291.2889, 424.2990), 10.4109","(1333.0000, 424.5000), 10.5476","(1375.2891, 424.7025), 10.4116"
"(151.1699, 458.3058), 10.3017","(193.4268, 458.6545), 10.5134","(236.0000, 459.0000), 10.2957","(277.8830, 459.3085), 10.5500","(320.2895, 459.7105), 10.4157","(362.6747, 459.8689), 10.5199","(404.9000, 460.4200), 10.4206","(447.1866, 460.5821), 10.4469","(489.4243, 460.8182), 10.4491","(531.5000, 461.5000), 10.5120","(574.0000, 461.5000), 10.5476","(616.5000, 462.1667), 10.8142","(658.7128, 462.3652), 10.7257","(701.1786, 462.8214), 10.5388","(743.9236, 463.2672), 10.4941","(785.7110, 463.2975), 10.4116","(827.8279, 463.4344), 10.4359","(869.5669, 463.5706), 10.6045","(912.0000, 464.0000), 10.8168","(954.1786, 464.1786), 10.5388","(996.2121, 464.3636), 10.5168","(1038.3978, 464.4516), 10.5126","(1080.3101, 464.5900), 10.5141","(1122.4775, 464.9045), 10.4780","(1164.8824, 465.2570), 10.5775","(1207.1000, 465.5000), 10.4624","(1248.9382, 465.6910), 10.5963","(1291.2570, 465.8825), 10.5775","(1333.4257, 466.1694), 10.4429","(1375.1653, 466.3226), 10.5018"
"(151.0000, 500.2632), 10.5265","(193.2821, 500.5778), 10.3497","(235.4502, 500.8559), 10.4513","(278.0000, 501.2632), 10.5265","(320.4333, 501.5000), 10.5407","(362.5900, 501.6900), 10.5141","(404.8214, 502.1786), 10.5388","(447.1740, 502.7291), 10.3213","(489.0000, 502.5000), 10.5476","(531.4608, 503.0294), 10.3555","(574.0000, 503.5000), 10.5476","(616.3220, 503.6695), 10.7417","(658.6695, 504.3220), 10.7417","(701.1443, 504.5474), 10.4499","(743.4502, 504.8559), 10.4513","(785.7105, 505.2895), 10.4157","(827.5439, 505.1044), 10.3085","(869.6000, 505.4000), 10.5604","(912.0000, 505.7812), 10.4875","(954.1207, 505.8793), 10.4600","(996.3800, 506.2467), 10.5157","(1038.4962, 506.1880), 10.3857","(1080.2787, 506.2951), 10.4035","(1122.5000, 506.5000), 10.5120","(1164.5428, 506.5905), 10.5125","(1207.0000, 507.0000), 10.2957","(1249.1818, 507.4243), 10.4492","(1291.2750, 507.6812), 10.4117","(1333.2467, 507.3800), 10.5157","(1375.0585, 507.7338), 10.5016"
"(151.0000, 542.0000), 10.2957","(193.2895, 542.2895), 10.4156","(235.5930, 542.7791), 10.3106","(278.0000, 543.2917), 10.4405","(320.4178, 543.1165), 10.4054","(362.8158, 543.8158), 10.3703","(404.7368, 544.0000), 10.5265","(447.2895, 544.2895), 10.4157","(489.2632, 544.5526), 10.3648","(531.6957, 545.0870), 10.5219","(574.0607, 545.4252), 10.3083","(616.6702, 545.5851), 10.7874","(659.0000, 546.0000), 10.2957","(701.4194, 546.4384), 10.7011","(743.5484, 546.5161), 10.6523","(785.9362, 547.1170), 10.7554","(827.6334, 547.0000), 10.6177","(869.6797, 547.2650), 10.7046","(912.0618, 547.3090), 10.5963","(954.1250, 547.5000), 10.4770","(996.1923, 547.5000), 10.3840","(1038.2916, 548.0000), 10.4405","(1080.2239, 547.8470), 10.5657","(1122.6910, 547.9382), 10.5962","(1164.9304, 548.3481), 10.5687","(1207.0000, 548.6154), 10.6336","(1249.2500, 548.7500), 10.6361","(1291.3334, 549.0000), 10.4616","(1333.2767, 549.3107), 10.4147","(1375.5000, 549.6818), 10.5911"
"(151.0584, 583.7338), 10.5016","(193.2895, 584.2895), 10.4156","(235.0000, 584.0000), 10.2957","(277.7921, 585.0168), 10.4860","(320.0294, 585.0059), 10.7955","(362.8077, 585.5000), 10.3840","(405.0000, 586.0000), 10.2957","(447.0000, 586.0000), 10.2957","(489.4167, 586.5000), 10.5479","(531.7105, 586.7105), 10.4156","(574.1170, 587.3085), 10.5500","(616.8125, 587.5000), 10.8242","(659.0870, 587.6957), 10.5219","(701.5000, 588.0000), 10.7356","(743.6053, 588.2632), 10.8271","(785.8077, 588.5000), 10.8265","(827.7979, 588.6064), 10.7380","(869.9946, 588.9731), 10.7974","(911.7368, 589.0000), 10.5266","(954.1176, 589.2570), 10.5775","(996.0897, 589.3975), 10.4373","(1038.1385, 589.3313), 10.5218","(1080.5000, 589.5000), 10.5120","(1122.5923, 589.7583), 10.7077","(1164.9688, 590.0000), 10.7995","(1207.1897, 590.1896), 10.5539","(1249.0696, 590.6519), 10.5688","(1291.6780, 590.6695), 10.7417","(1333.6333, 591.0000), 10.6178","(1375.6333, 591.0000), 10.6178"
"(151.0000, 625.5000), 10.3079","(193.2576, 625.8295), 10.3242","(235.3883, 626.0888), 10.4453","(277.5000, 625.5000), 10.1243","(320.2308, 627.0000), 10.1857","(362.5172, 627.4138), 10.5337","(405.0000, 627.7692), 10.1857","(447.0000, 628.0000), 10.2957","(489.2308, 628.0000), 10.1857","(531.7179, 628.5778), 10.3497","(574.2787, 628.7049), 10.4035","(616.7490, 629.2306), 10.6275","(659.2543, 629.5431), 10.3698","(701.5000, 629.5000), 10.7006","(743.3055, 630.0000), 10.5639","(785.8246, 630.3831), 10.7582","(827.7885, 630.3103), 10.4696","(869.8530, 630.5000), 10.4224","(912.2500, 630.7500), 10.6361","(954.2632, 631.0000), 10.5265","(996.2632, 631.0000), 10.5265","(1038.0000, 631.0000), 10.2957","(1080.2592, 631.0759), 10.5593","(1122.5000, 631.3182), 10.5911","(1165.0000, 631.5000), 10.4044","(1207.3043, 631.9130), 10.5220","(1249.4302, 632.0349), 10.4816","(1291.4286, 632.1429), 10.4638","(1333.7632, 632.5000), 10.3462","(1375.7106, 632.7105), 10.4156"
"(150.5900, 667.3100), 10.5141","(192.7299, 667.7227), 10.4137","(235.1207, 667.8793), 10.4600","(277.3481, 668.0696), 10.5687","(320.0584, 668.7338), 10.5016","(362.6071, 669.0000), 10.4921","(404.6000, 669.4000), 10.5604","(447.1772, 669.5827), 10.4408","(489.1897, 669.8104), 10.5539","(531.7010, 670.2889), 10.4109","(573.8557, 670.5474), 10.4499","(616.8000, 671.0000), 10.8463","(658.8793, 671.1207), 10.4599","(701.2320, 671.4080), 10.7936","(743.5526, 671.5000), 10.7424","(785.8827, 671.9946), 10.7224","(827.6910, 672.0618), 10.5962","(869.7368, 672.0000), 10.5266","(911.8824, 672.2570), 10.5775","(954.1814, 672.5486), 10.4191","(996.3100, 672.5900), 10.5141","(1038.3101, 672.5900), 10.5141","(1080.5000, 672.6818), 10.5911","(1122.7368, 673.0000), 10.5266","(1164.8829, 673.3085), 10.5500","(1207.0000, 673.2917), 10.4405","(1249.5000, 673.5000), 10.5120","(1291.5000, 673.9000), 10.3471","(1333.7368, 674.0000), 10.5266","(1375.7222, 674.2778), 10.4106"
"(151.0000, 709.5555), 10.5767","(193.2541, 709.4180), 10.3755","(235.5474, 709.8557), 10.4499","(277.7222, 710.2778), 10.4105","(320.2750, 710.3187), 10.4118","(362.5682, 710.8864), 10.4151","(404.8763, 711.2419), 10.5673","(447.2890, 711.2975), 10.4116","(489.6200, 711.7534), 10.5157","(531.5000, 711.9000), 10.4624","(574.4100, 712.3100), 10.5141","(616.7350, 712.6797), 10.7047","(659.0000, 713.0000), 10.7704","(701.5000, 713.0000), 10.7356","(743.5000, 713.5000), 10.7006","(785.8333, 713.5000), 10.8142","(827.5000, 713.5000), 10.5120","(869.6915, 713.7341), 10.6949","(912.0000, 714.0000), 10.8168","(953.7368, 714.0000), 10.5266","(996.1943, 714.2734), 10.4447","(1038.3923, 714.4308), 10.5802","(1080.5669, 714.4294), 10.6045","(1122.6818, 714.5000), 10.5911","(1165.0654, 714.6908), 10.5981","(1207.1786, 714.8214), 10.5388","(1249.3392, 715.3214), 10.7424","(1291.7533, 715.3800), 10.5158","(1333.9304, 715.3481), 10.5687","(1376.2452, 715.6597), 10.6769"
"(151.0000, 751.0000), 10.2957","(193.5000, 752.5000), 10.1243","(235.5000, 751.5000), 10.5120","(278.2632, 752.0000), 10.5266","(320.2975, 752.2890), 10.4116","(362.6429, 752.6429), 10.3220","(405.0000, 753.0000), 10.2957","(447.4100, 753.3100), 10.5141","(489.1699, 753.3058), 10.3017","(531.7408, 753.9241), 10.5593","(574.4100, 754.3100), 10.5141","(616.5000, 754.4286), 10.6573","(659.0000, 755.0000), 10.2957","(701.3182, 754.7727), 10.6844","(743.6607, 754.6786), 10.7424","(785.6576, 755.4239), 10.6228","(827.5000, 755.5000), 10.5120","(870.0000, 755.3636), 11.0226","(912.0000, 755.5000), 10.3079","(954.0000, 756.0000), 10.2957","(996.2592, 755.9241), 10.5593","(1038.4445, 756.0000), 10.3591","(1080.4210, 756.0000), 10.4690","(1122.7500, 756.2500), 10.6361","(1165.0000, 756.5000), 10.5476","(1207.0955, 756.5225), 10.4781","(1249.3182, 756.5000), 10.5911","(1291.6699, 756.8629), 10.5214","(1334.2632, 757.0000), 10.5265","(1376.2142, 757.2143), 10.6547"
"(150.7426, 792.8897), 10.5743","(193.4474, 793.2632), 10.3648","(235.8306, 793.5744), 10.4430","(277.7368, 794.0000), 10.5265","(320.5000, 794.1000), 10.4624","(362.9419, 794.3837), 10.4376","(405.1385, 794.6687), 10.5219","(447.5373, 795.1492), 10.4009","(489.2592, 795.0759), 10.5593","(532.0000, 795.5000), 10.4044","(574.2720, 795.7200), 10.4151","(616.7838, 796.1757), 10.9086","(659.0000, 796.0000), 10.2957","(701.3652, 796.4174), 10.6447","(743.5000, 796.8571), 10.6698","(785.8810, 797.0000), 10.8810","(827.5000, 796.8077), 10.3840","(869.5900, 797.3100), 10.5141","(912.2489, 797.2709), 10.6455","(954.3790, 797.4839), 10.6146","(996.5000, 797.5000), 10.5120","(1038.7222, 797.5000), 10.3117","(1081.0000, 797.5000), 10.5476","(1123.0000, 797.6154), 10.6336","(1165.0000, 797.7083), 10.4405","(1207.3837, 797.9418), 10.4377","(1249.4183, 798.0919), 10.4189","(1291.6364, 798.2121), 10.5168","(1334.1104, 798.4481), 10.4264","(1376.1443, 798.4526), 10.4499"
"(150.8864, 834.5682), 10.4151","(193.2592, 834.9241), 10.5593","(235.6250, 835.1250), 10.3759","(278.1786, 835.5446), 10.4193","(320.5000, 835.9286), 10.3634","(362.8214, 836.1786), 10.5388","(405.2720, 836.2800), 10.4151","(446.9706, 836.5392), 10.3555","(489.2570, 836.8824), 10.5775","(531.6071, 837.0000), 10.4922","(574.3923, 837.4308), 10.5802","(617.0000, 837.6250), 10.6251","(659.0000, 838.0000), 10.2957","(701.5000, 837.8333), 10.8142","(743.7353, 838.2451), 10.6465","(785.9304, 838.3481), 10.5687","(827.5000, 838.4500), 10.5572","(869.4375, 838.5000), 10.6510","(911.6900, 838.5900), 10.5141","(954.2510, 838.7694), 10.6274","(996.5000, 839.1000), 10.4624","(1038.7727, 839.3182), 10.6843","(1081.1320, 839.2435), 10.5727","(1123.2894, 839.2895), 10.4157","(1165.2542, 839.4180), 10.3755","(1207.5000, 839.5833), 10.5479","(1249.6899, 839.5900), 10.5141","(1291.6000, 839.6000), 10.5604","(1334.2632, 840.0000), 10.5265","(1376.0000, 840.0000), 10.2957"
"(150.7368, 876.0000), 10.5265","(193.1585, 876.6951), 10.3109","(235.6956, 876.9130), 10.5219","(278.0000, 877.0000), 10.2957","(320.5000, 877.5000), 10.5120","(362.5000, 877.5000), 10.1243","(405.0000, 878.0000), 10.2957","(447.0000, 878.2917), 10.4405","(489.5000, 878.5000), 10.5120","(531.7368, 879.0000), 10.5266","(574.4962, 879.1880), 10.3857","(616.5000, 879.0000), 10.7356","(659.0000, 879.5000), 10.3079","(701.5000, 879.5714), 10.6573","(743.5000, 880.0000), 10.7356","(785.5000, 879.9000), 10.4624","(827.2573, 879.8897), 10.5743","(869.0208, 879.9479), 10.7706","(911.6818, 880.2273), 10.6843","(954.0000, 880.6334), 10.6178","(996.6915, 880.7341), 10.6949","(1039.0000, 880.7368), 10.5266","(1081.3928, 881.0000), 10.4922","(1123.5000, 881.1470), 10.4224","(1165.6519, 881.0696), 10.5687","(1207.6333, 881.0000), 10.6178","(1249.7858, 881.2143), 10.6546","(1292.0000, 881.0000), 10.2957","(1334.0000, 881.2188), 10.4875","(1376.2806, 881.2918), 10.4217"
"(150.7304, 917.8318), 10.3167","(193.2807, 918.2918), 10.4217","(235.1923, 918.5000), 10.3840","(277.4100, 918.6900), 10.5141","(320.0000, 919.2632), 10.5266","(362.2895, 919.2895), 10.4157","(404.7105, 919.7105), 10.4156","(447.0000, 920.0000), 10.2957","(489.5043, 920.1910), 10.3874","(531.8508, 920.5373), 10.4009","(574.2789, 920.7019), 10.4022","(616.5000, 921.0000), 10.7356","(658.7368, 921.0000), 10.5266","(701.3235, 921.3235), 10.7364","(743.3750, 921.5000), 10.6251","(785.5000, 921.5000), 10.5120","(827.3226, 921.8347), 10.5017","(869.2632, 921.6053), 10.8271","(911.7368, 922.0000), 10.5266","(954.5000, 922.3182), 10.5911","(996.8260, 922.2709), 10.3213","(1039.2750, 922.3187), 10.4117","(1081.1653, 922.6774), 10.5018","(1123.4412, 922.4412), 10.6899","(1166.0000, 922.5000), 10.5476","(1207.8334, 922.5833), 10.4500","(1249.9304, 922.6519), 10.5687","(1292.0593, 922.7924), 10.4495","(1334.0000, 922.7812), 10.4875","(1376.1385, 922.6687), 10.5219"
"(150.5818, 959.6727), 10.5137","(193.0000, 960.0000), 10.2957","(235.2895, 960.2895), 10.4156","(277.6429, 960.6429), 10.3220","(320.0000, 961.0000), 10.2957","(362.3301, 961.1371), 10.5215","(404.2895, 961.2895), 10.4157","(447.0000, 961.6071), 10.4922","(489.5392, 961.9706), 10.3554","(531.9346, 962.3092), 10.5982","(574.1475, 962.3442), 10.5089","(616.4362, 962.5213), 10.6370","(659.0000, 962.6154), 10.6336","(701.4184, 962.8062), 10.7556","(743.6639, 963.3197), 10.7454","(785.8830, 963.3085), 10.5500","(827.6593, 963.0974), 10.5493","(869.5900, 963.3100), 10.5141","(912.5000, 963.5000), 10.9773","(954.7308, 963.6923), 10.4078","(997.0000, 964.0000), 10.2957","(1039.2632, 964.0000), 10.5265","(1081.3055, 964.0000), 10.5639","(1123.4474, 964.0000), 10.4475","(1165.8158, 964.1842), 10.3703","(1208.0000, 964.0000), 10.2957","(1250.0000, 964.2917), 10.4405","(1292.2500, 964.2500), 10.6361","(1334.0000, 964.2632), 10.5266","(1376.2709, 964.2489), 10.6455"
"(150.7143, 1001.2857), 10.2271","(193.0000, 1002.0000), 10.2957","(234.9041, 1001.5725), 10.4280","(277.3636, 1002.2121), 10.5168","(319.7727, 1002.5909), 10.3063","(362.0000, 1003.0000), 10.2957","(404.3253, 1003.1310), 10.5199","(446.7069, 1003.2931), 10.4106","(489.0000, 1003.5000), 10.5476","(531.3571, 1003.6429), 10.3220","(573.6747, 1003.8690), 10.5199","(616.2647, 1004.0883), 10.9849","(658.8306, 1004.4256), 10.4429","(700.8333, 1004.5000), 10.8142","(743.5000, 1004.7143), 10.8716","(786.0000, 1004.7368), 10.5266","(828.0000, 1005.0000), 10.8168","(869.7430, 1005.1176), 10.5775","(912.5000, 1005.3750), 10.6251","(954.5000, 1005.3182), 10.5911","(996.8830, 1005.3085), 10.5500","(1039.0137, 1005.3794), 10.6226","(1081.2894, 1005.5000), 10.3222","(1123.5000, 1005.5000), 10.5120","(1165.4656, 1005.5345), 10.5579","(1207.8529, 1005.5000), 10.4224","(1250.0000, 1005.5000), 10.5476","(1292.0000, 1005.5000), 10.5476","(1334.0000, 1005.5000), 10.5476","(1376.1786, 1005.5446), 10.4193"
"(150.6910, 1042.9382), 10.5963","(192.8909, 1043.4036), 10.4042","(235.2778, 1043.7222), 10.4105","(277.5526, 1044.0000), 10.4475","(319.7105, 1044.2894), 10.4156","(361.6176, 1044.3235), 10.3307","(404.2683, 1044.6830), 10.4054","(446.6000, 1045.0000), 10.4001","(489.2574, 1045.1104), 10.5743","(531.1923, 1045.5000), 10.3840","(573.5000, 1045.5000), 10.5120","(615.8062, 1045.5817), 10.7556","(658.2076, 1045.9407), 10.4495","(700.6376, 1046.2615), 10.7396","(743.1818, 1046.2954), 10.8349","(785.9206, 1046.6459), 10.5694","(827.5000, 1046.5000), 10.5120","(869.7500, 1046.5000), 10.8542","(912.1595, 1046.6489), 10.7951","(954.3182, 1046.5000), 10.5911","(996.6687, 1046.8615), 10.5218","(1039.1207, 1046.8793), 10.4599","(1081.2632, 1047.0000), 10.5265","(1123.2632, 1047.0000), 10.5265","(1165.4000, 1047.0000), 10.6471","(1207.7368, 1047.0000), 10.5266","(1249.7291, 1046.8260), 10.3212","(1291.7368, 1047.0000), 10.5266","(1334.0000, 1047.0000), 10.2957","(1376.0000, 1046.7084), 10.4405"
"(150.5698, 1084.9651), 10.4815","(192.4211, 1085.0000), 10.4690","(235.0000, 1085.4445), 10.3591","(277.2895, 1085.7106), 10.4157","(319.5900, 1085.6899), 10.5141","(361.4180, 1086.2542), 10.3756","(404.0000, 1086.5000), 10.5476","(446.5000, 1086.5000), 10.5120","(488.7213, 1086.7050), 10.4035","(531.0000, 1087.0000), 10.2957","(573.5000, 1087.5000), 10.5120","(615.7632, 1087.5000), 10.7504","(657.9545, 1087.3182), 10.4932","(700.3276, 1087.6724), 10.7419","(742.9706, 1087.9706), 10.8087","(785.2592, 1087.9241), 10.5593","(827.2308, 1088.0000), 10.1857","(869.5000, 1088.0000), 10.7356","(911.8897, 1088.2573), 10.5743","(954.3100, 1088.4100), 10.5141","(996.4412, 1088.5000), 10.5652","(1038.7979, 1088.3937), 10.7380","(1080.8824, 1088.2570), 10.5775","(1123.2489, 1088.2709), 10.6455","(1165.1530, 1088.2239), 10.5658","(1207.7106, 1088.2894), 10.4156","(1249.7156, 1088.3807), 10.3702","(1291.7109, 1088.2975), 10.4117","(1334.0000, 1088.3928), 10.4921","(1376.0000, 1088.2916), 10.4405"
"(150.1667, 1126.6250), 10.2593","(191.6944, 1127.0000), 10.5639","(234.5769, 1127.1923), 10.5788","(277.2895, 1127.2894), 10.4156","(319.4222, 1127.7179), 10.3497","(361.5000, 1127.8077), 10.3840","(404.0859, 1128.3008), 10.5193","(446.5000, 1128.5000), 10.5120","(488.9045, 1128.4775), 10.4781","(530.8864, 1128.5682), 10.4151","(573.1786, 1128.8214), 10.5388","(615.6334, 1129.0000), 10.6177","(657.8158, 1129.1842), 10.3703","(700.3936, 1129.2021), 10.7380","(742.6695, 1129.6780), 10.7417","(785.1842, 1129.8158), 10.3703","(827.0000, 1130.0000), 10.2957","(869.3818, 1129.5636), 10.6460","(911.8246, 1129.6169), 10.7582","(954.0000, 1130.0000), 10.2957","(996.2239, 1129.8470), 10.5658","(1038.2570, 1129.8824), 10.5775","(1080.7430, 1129.8824), 10.5775","(1123.2632, 1130.0000), 10.5265","(1165.0000, 1130.0000), 10.2957","(1207.2435, 1129.8680), 10.5727","(1249.5000, 1129.6818), 10.5911","(1291.5900, 1129.6899), 10.5141","(1334.0000, 1129.7812), 10.4875","(1375.8306, 1129.5743), 10.4429"
"(150.1842, 1168.1842), 10.3703","(192.2889, 1168.2990), 10.4109","(234.7408, 1168.9241), 10.5593","(277.0000, 1169.0000), 10.2957","(319.3636, 1169.2122), 10.5168","(361.5000, 1169.5000), 10.5120","(403.5900, 1169.6899), 10.5141","(446.0000, 1170.0000), 10.7704","(488.6812, 1170.2750), 10.4118","(530.6724, 1170.3276), 10.3629","(573.0000, 1170.5000), 10.4044","(615.3276, 1170.6724), 10.7419","(657.6945, 1171.0000), 10.5639","(700.0413, 1170.5918), 10.9665","(742.6334, 1171.0000), 10.6177","(784.7368, 1171.0000), 10.5266","(827.0000, 1171.0000), 10.2957","(869.3636, 1171.2122), 10.5168","(911.7111, 1171.2990), 10.4108","(953.8750, 1171.3750), 10.3759","(996.2895, 1171.5000), 10.3221","(1038.1786, 1171.4553), 10.4193","(1080.5344, 1171.4656), 10.5580","(1123.0000, 1171.5000), 10.5476","(1165.0000, 1171.3334), 10.4617","(1206.9382, 1171.3090), 10.5962","(1249.4308, 1171.3923), 10.5803","(1291.5000, 1171.1000), 10.4624","(1333.6910, 1171.0618), 10.5962","(1375.5000, 1170.9000), 10.4624"
"(150.5446, 1209.8214), 10.4194","(192.7328, 1210.0763), 10.4940","(235.0000, 1210.4333), 10.3500","(277.2778, 1210.7222), 10.4105","(319.5555, 1211.0000), 10.3591","(361.5000, 1211.1000), 10.3471","(403.8864, 1211.4318), 10.4151","(446.3889, 1211.5000), 10.6125","(488.5000, 1212.5000), 10.1243","(530.7408, 1212.0759), 10.5593","(573.0000, 1212.0000), 10.2957","(615.2143, 1212.2142), 10.6546","(657.5000, 1212.5000), 10.5120","(700.1429, 1212.5000), 10.6698","(741.5000, 1212.5000), 10.1243","(784.6797, 1212.7350), 10.7046","(826.7549, 1212.7354), 10.6466","(869.0000, 1212.9500), 10.7891","(911.5000, 1213.0000), 10.7356","(954.0000, 1213.0000), 10.7704","(996.0000, 1213.0000), 10.2957","(1038.0000, 1213.0000), 10.2957","(1080.2570, 1212.8824), 10.5775","(1122.6945, 1213.0000), 10.5639","(1165.0127, 1212.6300), 10.6266","(1206.8347, 1212.6774), 10.5017","(1249.0696, 1212.6519), 10.5687","(1291.1443, 1212.5475), 10.4499","(1333.2615, 1212.3624), 10.7396","(1375.3226, 1212.1653), 10.5017"
"(150.5000, 1251.7222), 10.3116","(192.8103, 1251.8103), 10.5539","(235.1653, 1252.1938), 10.5456","(277.2895, 1252.2894), 10.4156","(319.5000, 1252.5000), 10.5120","(361.2895, 1252.7106), 10.4157","(404.0000, 1253.0000), 10.2957","(446.0000, 1253.3846), 10.6336","(488.5000, 1253.5000), 10.1243","(530.5000, 1252.5000), 10.1243","(572.8158, 1253.8158), 10.3703","(615.1320, 1253.7565), 10.5727","(657.3182, 1254.2273), 10.3910","(699.8496, 1254.0529), 10.7784","(742.1237, 1254.2419), 10.5673","(784.5975, 1254.2073), 10.7482","(826.5000, 1254.3500), 10.6478","(868.8043, 1254.0652), 10.9763","(911.2489, 1254.2709), 10.6455","(953.3800, 1254.2467), 10.5158","(995.3481, 1254.0696), 10.5687","(1037.5000, 1254.1428), 10.6697","(1080.0973, 1254.3407), 10.5493","(1122.4911, 1254.3036), 10.5896","(1164.5900, 1254.3101), 10.5142","(1206.3090, 1253.9382), 10.5963","(1248.7609, 1254.1086), 10.5576","(1291.1897, 1253.8103), 10.5538","(1333.2615, 1253.6376), 10.7396","(1375.0973, 1253.6593), 10.5493"
"(150.5000, 1293.1923), 10.3840","(192.8864, 1293.5682), 10.4151","(235.0763, 1293.7328), 10.4940","(277.0000, 1294.0000), 10.2957","(319.3301, 1294.1371), 10.5215","(361.0000, 1294.5000), 10.3079","(403.1797, 1294.9062), 10.6395","(446.0000, 1294.5000), 10.5476","(488.0000, 1295.0000), 10.2957","(530.3800, 1295.2467), 10.5158","(572.5541, 1295.2478), 10.3083","(614.5706, 1295.4331), 10.6045","(657.0000, 1295.5000), 10.5476","(699.5714, 1295.5000), 10.6573","(741.6900, 1295.5900), 10.5141","(784.3276, 1295.6724), 10.7419","(826.3624, 1295.7385), 10.7396","(868.4445, 1295.9111), 10.5012","(910.7226, 1295.6873), 10.6910","(953.1786, 1295.8214), 10.5388","(995.2632, 1296.0000), 10.5265","(1037.6200, 1295.7533), 10.5157","(1079.5900, 1295.6899), 10.5141","(1122.1740, 1295.7291), 10.3213","(1164.0000, 1295.5000), 10.4044","(1206.0000, 1295.5000), 10.5476","(1248.5344, 1295.4656), 10.5580","(1291.0000, 1295.5000), 10.5476","(1332.8103, 1295.1897), 10.5539","(1375.1207, 1294.8793), 10.4599"
"(150.5000, 1334.8077), 10.3840","(192.1170, 1334.6915), 10.5500","(234.5000, 1335.5000), 10.5120","(276.6000, 1335.6000), 10.5604","(319.4445, 1336.0000), 10.3591","(361.0000, 1336.0000), 10.2957","(403.4100, 1336.3101), 10.5141","(446.1786, 1336.5447), 10.4194","(488.1250, 1336.6250), 10.3759","(530.5000, 1337.0000), 10.4044","(572.2709, 1336.8260), 10.3213","(614.5000, 1337.0000), 10.7356","(656.8830, 1337.3085), 10.5500","(699.4308, 1337.3923), 10.5803","(741.5381, 1337.3932), 10.5926","(783.9026, 1337.3407), 10.5493","(825.9382, 1337.3090), 10.5962","(868.2368, 1337.5000), 10.7504","(910.4000, 1337.4000), 10.5604","(952.8306, 1337.4257), 10.4430","(994.7110, 1337.2975), 10.4116","(1037.2581, 1337.4193), 10.3793","(1079.3301, 1337.1371), 10.5215","(1121.6250, 1337.1250), 10.3759","(1164.0000, 1337.0000), 10.2957","(1205.7368, 1337.0000), 10.5266","(1248.0000, 1336.5000), 10.5476","(1290.3276, 1336.6724), 10.3628","(1332.5000, 1336.5000), 10.5120","(1374.7111, 1336.2990), 10.4108"
"(150.2778, 1376.6111), 10.3713","(192.5392, 1377.0294), 10.3554","(234.5089, 1377.3036), 10.5896","(276.8896, 1377.4480), 10.4263","(319.2477, 1377.5541), 10.3084","(360.8793, 1377.8793), 10.4600","(403.3481, 1377.9304), 10.5687","(445.7408, 1378.0759), 10.5593","(487.8158, 1378.1842), 10.3703","(529.8530, 1378.5000), 10.4224","(572.0000, 1378.4474), 10.4475","(614.5435, 1378.5217), 10.6529","(656.5900, 1378.6899), 10.5141","(699.0000, 1379.0000), 10.8168","(741.3253, 1378.8689), 10.5199","(783.6000, 1379.0000), 10.6472","(825.4481, 1379.1104), 10.4263","(867.7750, 1379.0000), 10.9796","(910.0000, 1379.0000), 10.8168","(952.5000, 1379.0000), 10.7356","(994.4256, 1378.8306), 10.4429","(1036.8763, 1378.7581), 10.5673","(1079.3636, 1378.7878), 10.5168","(1121.5000, 1378.5834), 10.5480","(1163.7106, 1378.7106), 10.4156","(1205.5000, 1378.5000), 10.5120","(1248.0000, 1378.6333), 10.6177","(1290.0000, 1378.0000), 10.2957","(1332.0000, 1378.0000), 10.2957","(1374.3407, 1377.9027), 10.5493"
"(149.5748, 1418.0608), 10.3083","(192.2778, 1418.5000), 10.3116","(234.5000, 1418.8077), 10.3840","(276.5900, 1418.6899), 10.5141","(319.0000, 1419.0000), 10.2957","(360.8120, 1419.4962), 10.3857","(403.1515, 1419.5747), 10.3795","(445.5000, 1419.8077), 10.3840","(487.5000, 1419.8334), 10.4377","(529.5526, 1420.0000), 10.4475","(572.0000, 1420.1666), 10.2158","(614.2489, 1420.2709), 10.6455","(656.2468, 1420.4528), 10.3631","(698.7511, 1420.2709), 10.6455","(740.9865, 1420.5541), 10.3525","(782.8243, 1420.1982), 10.5545","(825.0607, 1420.5747), 10.3083","(867.4000, 1420.6000), 10.7202","(909.8530, 1420.5000), 10.4224","(952.1653, 1420.3226), 10.5018","(994.5000, 1420.1428), 10.6697","(1037.1301, 1420.2808), 10.5475","(1079.3008, 1420.0859), 10.5193","(1121.3784, 1420.2433), 10.5158","(1163.5000, 1420.0000), 10.4044","(1205.1207, 1419.8793), 10.4599","(1247.5769, 1419.8077), 10.5788","(1289.8615, 1419.6687), 10.5219","(1331.8306, 1419.4257), 10.4430","(1373.9241, 1419.2592), 10.5593"
"(149.5900, 1459.6899), 10.5141","(192.0000, 1460.0000), 10.2957","(234.0652, 1460.2065), 10.4458","(276.2778, 1460.5000), 10.3116","(318.7143, 1460.7142), 10.2271","(360.5000, 1461.1000), 10.3471","(402.7222, 1461.2778), 10.4105","(445.2895, 1461.2894), 10.4156","(487.2778, 1461.5000), 10.3116","(529.5043, 1461.8090), 10.3874","(571.8750, 1461.6250), 10.3759","(614.0000, 1461.8823), 10.8825","(656.2632, 1462.0000), 10.5265","(698.6910, 1461.9382), 10.5962","(740.5446, 1462.1786), 10.4194","(783.0732, 1462.0610), 10.7255","(824.8750, 1462.3750), 10.3759","(867.0000, 1462.5555), 10.5767","(909.6512, 1461.9767), 10.8802","(952.2592, 1461.9241), 10.5593","(994.7408, 1462.0759), 10.5593","(1037.0000, 1462.0000), 10.2957","(1079.0000, 1461.6666), 10.4617","(1121.2889, 1461.7010), 10.4109","(1163.2844, 1461.6193), 10.3701","(1204.8896, 1461.4480), 10.4263","(1247.3481, 1461.0696), 10.5687","(1289.4231, 1461.1923), 10.5787","(1331.6910, 1461.0618), 10.5962","(1373.6210, 1460.5161), 10.6146"
"(149.7105, 1501.2894), 10.4157","(191.7213, 1501.7050), 10.4035","(234.2632, 1502.0000), 10.5266","(276.1667, 1502.1666), 10.2335","(318.5000, 1502.5000), 10.5120","(360.5000, 1503.5000), 10.1243","(403.0000, 1503.0000), 10.2957","(445.2678, 1502.9124), 10.4893","(487.3807, 1503.2844), 10.3702","(529.2895, 1503.2894), 10.4156","(571.5905, 1503.4572), 10.5125","(613.7551, 1503.6531), 10.6799","(655.8508, 1503.5374), 10.4009","(698.4667, 1503.5333), 10.6538","(740.7145, 1503.5767), 10.3522","(782.7548, 1503.6597), 10.6768","(824.5038, 1503.8120), 10.3857","(867.0000, 1504.0000), 10.7704","(909.5381, 1503.6068), 10.5925","(952.1470, 1503.5000), 10.4224","(994.5000, 1503.5000), 10.5120","(1036.7025, 1503.2891), 10.4117","(1078.7924, 1503.0593), 10.4495","(1121.0000, 1503.0000), 10.2957","(1163.0000, 1503.0000), 10.2957","(1204.6200, 1502.7533), 10.5157","(1247.0000, 1502.5000), 10.5476","(1289.1786, 1502.5447), 10.4193","(1331.3541, 1502.0793), 10.5694","(1373.5000, 1502.1000), 10.4624"
"(149.5038, 1543.1880), 10.3857","(191.8260, 1543.2709), 10.3212","(234.0294, 1543.5392), 10.3554","(276.2701, 1543.7227), 10.4137","(318.5000, 1544.0000), 10.4044","(361.0000, 1544.0000), 10.2957","(402.8482, 1544.4642), 10.4637","(444.8260, 1544.7291), 10.3213","(487.2000, 1544.6000), 10.3248","(529.0000, 1545.0000), 10.2957","(571.5744, 1544.8306), 10.4429","(613.6169, 1545.1753), 10.7582","(655.5900, 1545.3101), 10.5141","(698.0294, 1545.0059), 10.7955","(740.2931, 1545.2931), 10.4106","(782.6000, 1545.2000), 10.3248","(824.5900, 1545.3101), 10.5141","(866.9495, 1545.3877), 10.9666","(909.5000, 1545.1666), 10.8142","(952.0000, 1545.0000), 10.2957","(994.1207, 1544.8793), 10.4599","(1036.3313, 1544.8615), 10.5219","(1078.6459, 1544.9207), 10.5695","(1120.6000, 1544.6000), 10.5604","(1162.5000, 1544.5000), 10.5120","(1204.3800, 1544.2467), 10.5158","(1247.0000, 1544.2916), 10.4405","(1289.0000, 1544.0000), 10.2957","(1331.0000, 1543.6666), 10.4616","(1372.8557, 1543.4525), 10.4499"
"(149.2895, 1584.7106), 10.4157","(191.4526, 1584.8557), 10.4499","(233.7408, 1585.0759), 10.5593","(276.3226, 1585.1653), 10.5017","(318.8529, 1585.5000), 10.4224","(360.8896, 1585.5520), 10.4264","(403.4775, 1585.9045), 10.4781","(445.5555, 1586.0000), 10.3591","(487.5900, 1586.3101), 10.5141","(529.8750, 1586.3750), 10.3759","(571.9000, 1586.5000), 10.3471","(614.1176, 1586.2570), 10.5775","(656.0294, 1586.5392), 10.3554","(698.3514, 1586.5676), 10.6651","(740.5000, 1586.8077), 10.3840","(782.8182, 1586.5758), 10.4492","(824.6724, 1586.6724), 10.7420","(866.7368, 1586.6052), 10.8272","(909.2806, 1586.7081), 10.4217","(951.5000, 1586.5000), 10.5120","(993.7110, 1586.2975), 10.4116","(1036.2122, 1586.3636), 10.5168","(1078.3055, 1586.0000), 10.5639","(1120.4608, 1586.0294), 10.3554","(1162.3928, 1586.0000), 10.4922","(1204.2975, 1585.7109), 10.4116","(1246.6699, 1585.8629), 10.5214","(1288.5000, 1585.5000), 10.5120","(1330.6593, 1585.0973), 10.5492","(1372.5161, 1584.6210), 10.6146"
"(149.2895, 1626.2894), 10.4156","(191.5000, 1626.6818), 10.5911","(234.0000, 1626.7084), 10.4405","(276.3936, 1626.8191), 10.4605","(318.7368, 1627.0000), 10.5265","(361.1667, 1627.1666), 10.2335","(403.5000, 1627.5000), 10.5120","(445.8077, 1627.5000), 10.3840","(487.8507, 1627.5374), 10.4009","(530.0000, 1627.8000), 10.2001","(572.2500, 1627.7500), 10.6361","(614.3203, 1627.7350), 10.7047","(656.2709, 1628.1740), 10.3212","(698.5000, 1628.0000), 10.7356","(740.5000, 1628.1000), 10.3471","(782.7143, 1628.2858), 10.2272","(824.3313, 1628.1385), 10.5219","(866.3301, 1628.1371), 10.5215","(908.9386, 1628.1140), 10.7565","(951.0739, 1627.9388), 10.7249","(993.2570, 1627.8824), 10.5775","(1035.6687, 1627.8615), 10.5218","(1077.7222, 1627.7222), 10.4105","(1119.5706, 1627.4336), 10.6042","(1161.7109, 1627.2975), 10.4117","(1203.8824, 1627.2570), 10.5775","(1246.2489, 1627.2709), 10.6455","(1288.0000, 1627.0000), 10.6302","(1330.5000, 1627.0000), 10.7356","(1372.4000, 1626.4000), 10.5604"
"(149.3182, 1668.2273), 10.3910","(191.5682, 1668.1136), 10.4151","(233.8077, 1668.5000), 10.3840","(276.1910, 1668.5043), 10.3874","(318.5198, 1668.4447), 10.5536","(360.8864, 1668.5682), 10.4151","(403.3055, 1669.0000), 10.5639","(445.7291, 1669.1740), 10.3212","(487.8301, 1669.3058), 10.3017","(530.0000, 1669.4445), 10.3591","(572.2889, 1669.2990), 10.4109","(614.5042, 1669.3472), 10.5821","(656.3571, 1669.3572), 10.3219","(698.7062, 1669.6083), 10.7447","(740.7110, 1669.7025), 10.4116","(782.8301, 1669.6942), 10.3017","(824.4308, 1669.6077), 10.5803","(866.5000, 1670.0000), 10.4044","(908.4655, 1669.5344), 10.5579","(950.9045, 1669.4775), 10.4781","(993.0889, 1669.4445), 10.5012","(1035.1371, 1669.3301), 10.5214","(1077.1727, 1669.2819), 10.3152","(1119.3800, 1669.2467), 10.5158","(1161.4572, 1669.4095), 10.5125","(1203.5000, 1669.0000), 10.4044","(1245.6200, 1668.7533), 10.5157","(1287.8750, 1668.5000), 10.4770","(1330.2632, 1668.0000), 10.5265","(1372.1207, 1667.8793), 10.4599"
"(149.0318, 1709.5520), 10.5478","(191.2931, 1709.7069), 10.4106","(233.5000, 1709.9000), 10.4624","(275.6071, 1710.0000), 10.4921","(317.7025, 1710.2891), 10.4116","(359.5410, 1710.3853), 10.5985","(402.2890, 1710.7025), 10.4116","(444.8214, 1710.4553), 10.4193","(487.2931, 1710.7069), 10.4106","(529.8793, 1711.1207), 10.4600","(571.6667, 1711.0000), 10.4617","(614.2162, 1710.8243), 10.9087","(656.4275, 1711.0958), 10.4280","(698.5000, 1711.0000), 10.5476","(740.5000, 1711.1000), 10.3471","(782.5555, 1711.0000), 10.3591","(824.1842, 1711.1842), 10.3703","(866.5000, 1711.2858), 10.8716","(908.3276, 1711.3276), 10.7419","(950.5744, 1711.1694), 10.4429","(992.5000, 1711.0000), 10.5476","(1034.6200, 1710.7533), 10.5157","(1076.7427, 1710.8896), 10.5743","(1118.7632, 1710.5000), 10.7504","(1161.0000, 1710.5000), 10.5476","(1203.2891, 1710.7025), 10.4116","(1245.3055, 1710.0000), 10.5639","(1287.6519, 1709.9304), 10.5688","(1330.0000, 1709.6945), 10.5639","(1372.0000, 1709.5000), 10.7356"
"(148.5000, 1751.0000), 10.7356","(191.3636, 1751.2122), 10.5168","(233.7857, 1751.5000), 10.3929","(275.8306, 1751.5743), 10.4429","(318.0000, 1752.0000), 10.2957","(360.0000, 1752.0000), 10.2957","(402.3750, 1752.1250), 10.3759","(444.5900, 1752.3101), 10.5141","(487.0000, 1752.3334), 10.4617","(529.5000, 1752.5000), 10.5120","(571.8077, 1752.5000), 10.3840","(614.0000, 1752.4000), 10.6472","(656.1653, 1752.3226), 10.5018","(698.4310, 1752.5344), 10.6314","(740.3276, 1752.6724), 10.3628","(782.3571, 1752.6428), 10.3220","(824.0000, 1752.7693), 10.1857","(865.7549, 1752.7354), 10.6466","(908.0000, 1753.0000), 10.2957","(950.1103, 1752.7427), 10.5743","(992.0000, 1752.6666), 10.4617","(1034.2891, 1752.7025), 10.4116","(1076.5000, 1752.5000), 10.5120","(1118.7106, 1752.2894), 10.4156","(1160.8103, 1752.1897), 10.5539","(1202.9407, 1752.2076), 10.4495","(1244.8615, 1751.6687), 10.5219","(1287.4412, 1751.5000), 10.5652","(1329.2662, 1751.0585), 10.5016","(1371.4850, 1750.6128), 10.6204"
"(148.5000, 1792.6818), 10.5911","(191.1667, 1793.0000), 10.2158","(233.4213, 1792.9174), 10.4217","(275.8103, 1793.1897), 10.5539","(318.0000, 1793.2188), 10.4875","(359.7111, 1793.2990), 10.4108","(402.2767, 1793.6893), 10.4147","(444.3261, 1793.6160), 10.3333","(487.0000, 1794.0000), 10.2957","(528.7408, 1794.0759), 10.5593","(571.3253, 1794.1311), 10.5199","(613.5000, 1794.0000), 10.7356","(655.7368, 1794.0000), 10.5266","(698.0208, 1794.0521), 10.7706","(740.2778, 1794.2778), 10.4106","(782.1842, 1794.1842), 10.3703","(823.6177, 1794.3235), 10.3307","(865.2889, 1794.7010), 10.4109","(907.6101, 1794.2092), 10.7382","(949.7105, 1794.2894), 10.4157","(991.9026, 1794.3407), 10.5493","(1033.9407, 1794.2076), 10.4495","(1076.0000, 1794.0000), 10.2957","(1118.2632, 1794.0000), 10.5265","(1160.2931, 1793.7069), 10.4106","(1202.1694, 1793.5743), 10.4429","(1244.5083, 1793.4380), 10.6564","(1286.8103, 1793.1897), 10.5539","(1328.6077, 1792.5692), 10.5803","(1370.8793, 1792.1207), 10.4600"
"(148.4672, 1834.2050), 10.2606","(190.7110, 1834.2975), 10.4116","(233.5000, 1834.5000), 10.5120","(275.7110, 1834.7025), 10.4116","(317.5900, 1834.6899), 10.5141","(360.0000, 1835.0000), 10.2957","(402.0000, 1835.0000), 10.2957","(444.0000, 1835.0000), 10.2957","(486.2821, 1835.4221), 10.3497","(528.5000, 1835.5000), 10.5120","(570.5900, 1835.6899), 10.5141","(613.2222, 1835.6666), 10.6951","(655.5000, 1835.8077), 10.3840","(697.8947, 1835.7368), 10.7742","(740.0000, 1836.0000), 10.2957","(782.0000, 1835.7693), 10.1857","(823.3790, 1835.8387), 10.2609","(865.0000, 1836.0000), 10.2957","(907.2570, 1835.8824), 10.5775","(949.4526, 1835.8557), 10.4499","(991.4554, 1835.8214), 10.4193","(1033.5000, 1835.5000), 10.5120","(1075.5382, 1835.3932), 10.5926","(1117.8125, 1835.5000), 10.3881","(1159.7109, 1835.2975), 10.4117","(1201.8793, 1835.1207), 10.4600","(1244.1897, 1834.8103), 10.5538","(1286.3853, 1834.5410), 10.5985","(1328.3481, 1834.0696), 10.5687","(1370.4525, 1833.8557), 10.4499"
"(147.5089, 1875.6964), 10.5896","(190.5000, 1876.0000), 10.7356","(232.8103, 1876.1897), 10.5539","(274.8825, 1876.2570), 10.5774","(316.8387, 1876.3992), 10.4640","(359.1694, 1876.5743), 10.4429","(401.0000, 1876.5000), 10.5476","(443.2570, 1876.8824), 10.5775","(485.2592, 1876.9241), 10.5593","(527.7069, 1877.2931), 10.4106","(569.8104, 1877.1897), 10.5539","(612.5000, 1877.5000), 10.9773","(654.5333, 1877.4667), 10.6539","(696.3301, 1877.1371), 10.5215","(739.2938, 1877.6083), 10.7447","(781.0000, 1877.0000), 10.8168","(822.6250, 1877.5000), 10.6251","(864.3624, 1877.7385), 10.7396","(906.5000, 1877.5000), 10.7006","(948.5217, 1877.4565), 10.5606","(990.5345, 1877.4656), 10.5580","(1032.5690, 1877.4310), 10.6039","(1075.0000, 1877.5000), 10.5476","(1116.8793, 1877.1207), 10.4600","(1158.7350, 1876.6797), 10.7046","(1201.1897, 1876.8103), 10.5538","(1245.0000, 1876.0000), 9.8490","(1285.3090, 1875.9382), 10.5963","(1328.0000, 1876.0000), 10.8168","(1370.1176, 1875.7430), 10.5775"
"(148.2632, 1917.0000), 10.5266","(190.7093, 1917.5233), 10.3131","(232.6724, 1917.6724), 10.3629","(275.0000, 1917.5000), 10.5476","(317.1364, 1917.8636), 10.3504","(359.3800, 1917.7533), 10.5157","(401.0318, 1918.4480), 10.5478","(443.5000, 1918.5000), 10.5120","(485.5000, 1919.5000), 10.1243","(528.0000, 1918.5000), 10.5476","(569.5000, 1919.0000), 10.5476","(612.1754, 1918.6169), 10.7581","(654.5000, 1918.8077), 10.3840","(696.6724, 1918.6724), 10.3629","(738.6795, 1918.7350), 10.7048","(781.2368, 1918.5000), 10.7504","(822.5744, 1918.8306), 10.4429","(864.4184, 1918.8062), 10.7556","(906.5000, 1919.0000), 10.4044","(948.5000, 1919.1000), 10.3471","(990.3750, 1919.1250), 10.3759","(1032.5000, 1918.9000), 10.4624","(1074.5000, 1918.9000), 10.4624","(1116.5000, 1918.8077), 10.3840","(1158.8077, 1918.5000), 10.3840","(1200.8158, 1918.1842), 10.3703","(1242.8158, 1918.1842), 10.3703","(1285.0000, 1918.0000), 10.2957","(1327.2894, 1917.5000), 10.3222","(1369.2894, 1917.2894), 10.4156"
"(148.1923, 1958.7307), 10.3383","(190.3992, 1958.8387), 10.4640","(232.7641, 1958.7452), 10.6261","(275.2368, 1959.5000), 10.7504","(317.1653, 1959.3226), 10.5018","(359.2889, 1959.7010), 10.4109","(401.5000, 1959.7858), 10.3929","(443.5000, 1959.5000), 10.5120","(485.5172, 1959.9310), 10.3507","(527.7368, 1960.0000), 10.5266","(570.3750, 1960.1250), 10.3759","(612.3666, 1960.0000), 10.6178","(654.4100, 1960.3101), 10.5141","(696.7222, 1960.2778), 10.4105","(739.0677, 1960.3064), 10.5969","(781.1237, 1960.2419), 10.5673","(822.6818, 1960.2273), 10.6843","(864.1923, 1960.5000), 10.3840","(906.5000, 1960.1428), 10.6697","(948.7105, 1960.2894), 10.4157","(990.5000, 1960.5000), 10.5120","(1032.3572, 1960.3572), 10.3219","(1074.5000, 1960.1875), 10.3881","(1116.5000, 1960.0000), 10.5476","(1158.5520, 1959.8896), 10.4263","(1200.4928, 1959.7924), 10.3968","(1242.5000, 1959.5000), 10.5120","(1285.1938, 1959.4183), 10.7557","(1327.1207, 1958.8793), 10.4599","(1369.0696, 1958.3481), 10.5688"
"(148.0000, 1999.0000), 10.0001","(190.5000, 1997.5000), 9.6178","(232.5000, 1997.5000), 9.6178","(274.5000, 1997.5000), 9.6178","(317.0000, 1997.5000), 9.1242","(359.0000, 1997.5000), 9.1242","(401.5000, 1997.5000), 9.6178","(443.0000, 1997.5000), 9.1242","(486.0000, 1997.5000), 9.1242","(528.0000, 1997.5000), 9.1242","(570.0000, 1997.5000), 9.1242","(612.5000, 1998.0000), 9.5526","(654.0000, 1997.5000), 9.1242","(696.5000, 1998.0000), 9.5526","(738.5000, 1997.5000), 9.6178","(781.0000, 1997.5000), 9.1242","(822.0000, 1997.5000), 9.1242","(864.0000, 1997.5000), 9.1242","(906.0555, 1997.5000), 9.0695","(948.5000, 1997.5000), 8.6314","(990.5000, 1997.5000), 8.6314","(1032.0000, 1997.5000), 9.1242","(1074.0000, 1997.5000), 9.1242","(1116.5000, 1997.5000), 8.6314","(1158.0000, 1997.5000), 9.1242","(1200.0000, 1997.5000), 9.1242","(1242.0000, 1997.5000), 9.1242","(1284.5000, 1997.5000), 9.6178","(1326.5000, 1997.5000), 9.6178","(1368.5000, 1997.0000), 9.7083"
