Decimal Code,"Circle Centers (x, y)"
67,"(133.23333740234375, 5726.5)","(175.29747009277344, 5726.2890625)","(217.5, 5725.8076171875)","(259.4130554199219, 5725.74365234375)","(301.7105407714844, 5725.71044921875)","(343.4130554199219, 5725.326171875)","(385.2241516113281, 5725.22412109375)","(427.56817626953125, 5725.11376953125)","(469.2944030761719, 5724.83642578125)","(511.30621337890625, 5724.3447265625)","(553.5, 5724.10009765625)","(595.5555419921875, 5724.0)","(637.8793334960938, 5723.87939453125)","(680.0, 5723.5556640625)","(722.2930908203125, 5723.70703125)","(764.5, 5723.28955078125)","(806.0, 5723.0)","(848.576904296875, 5722.8076171875)","(890.7009887695312, 5722.2890625)","(932.6052856445312, 5722.14013671875)","(975.0, 5722.0)","(1017.0, 5722.0)","(1059.5833740234375, 5721.5)","(1101.67236328125, 5721.32763671875)","(1143.79248046875, 5721.013671875)","(1186.0, 5720.73681640625)","(1228.31005859375, 5720.58984375)","(1270.0, 5720.26318359375)","(1312.4241943359375, 5719.818359375)","(1355.5, 5719.5)"
66,"(133.9705810546875, 5768.4609375)","(176.15383911132812, 5768.384765625)","(218.0, 5768.0)","(259.5, 5768.0)","(302.0, 5767.7998046875)","(343.80767822265625, 5767.5)","(385.69000244140625, 5767.41015625)","(428.0, 5767.0)","(469.875, 5766.625)","(511.89324951171875, 5766.73583984375)","(553.7352905273438, 5766.2646484375)","(595.8292846679688, 5766.048828125)","(638.4318237304688, 5766.11376953125)","(680.5, 5765.76318359375)","(722.8157958984375, 5765.81591796875)","(764.8529663085938, 5765.5)","(806.7222290039062, 5765.27783203125)","(848.5714111328125, 5764.5712890625)","(891.0, 5764.5)","(933.0, 5764.39990234375)","(975.4099731445312, 5764.31005859375)","(1017.6956787109375, 5763.9130859375)","(1059.940673828125, 5763.79248046875)","(1102.116455078125, 5763.58203125)","(1144.31005859375, 5763.41015625)","(1186.2916259765625, 5763.0)","(1228.669921875, 5762.86279296875)","(1270.68994140625, 5762.41015625)","(1313.3406982421875, 5762.09716796875)","(1355.5, 5762.0)"
65,"(134.24774169921875, 5810.55419921875)","(176.6941680908203, 5810.169921875)","(218.4921875, 5810.2109375)","(260.23077392578125, 5810.0)","(302.0, 5810.0)","(344.2049255371094, 5809.46728515625)","(386.5, 5809.28955078125)","(428.3805236816406, 5809.283203125)","(470.2980651855469, 5808.72119140625)","(512.2586059570312, 5808.7412109375)","(554.0999755859375, 5808.5)","(596.173583984375, 5808.0498046875)","(638.5681762695312, 5808.11376953125)","(680.8157958984375, 5807.81591796875)","(723.0, 5808.0)","(765.2890014648438, 5807.70263671875)","(807.4095458984375, 5807.45703125)","(848.6900024414062, 5806.58984375)","(891.2894897460938, 5806.71044921875)","(933.5, 5806.5)","(975.7105102539062, 5806.28955078125)","(1018.1740112304688, 5806.27099609375)","(1060.42529296875, 5805.8486328125)","(1102.357177734375, 5805.64306640625)","(1144.72216796875, 5805.5)","(1187.0, 5805.26318359375)","(1229.1207275390625, 5804.87939453125)","(1271.3182373046875, 5804.5)","(1313.5, 5804.44140625)","(1356.1207275390625, 5804.12060546875)"
64,"(134.1999969482422, 5852.0)","(176.27272033691406, 5852.0)","(218.27272033691406, 5852.0)","(260.3235168457031, 5851.61767578125)","(302.28570556640625, 5851.71435546875)","(344.2209167480469, 5851.40673828125)","(386.5, 5851.5)","(428.7272644042969, 5851.0)","(470.4545593261719, 5851.1591796875)","(512.5, 5850.72216796875)","(554.5, 5850.5)","(596.5, 5850.1923828125)","(638.940673828125, 5850.20751953125)","(681.1071166992188, 5849.89306640625)","(723.5, 5850.0)","(765.5, 5849.5)","(807.5, 5849.1923828125)","(849.5, 5849.14697265625)","(891.7105102539062, 5848.71044921875)","(934.0, 5848.5)","(976.1909790039062, 5848.49560546875)","(1018.5778198242188, 5848.2822265625)","(1060.5555419921875, 5848.0)","(1102.8157958984375, 5847.81591796875)","(1145.1136474609375, 5847.568359375)","(1187.144287109375, 5847.45263671875)","(1229.5, 5846.5)","(1271.8792724609375, 5846.87939453125)","(1314.4000244140625, 5846.60009765625)","(1356.6817626953125, 5846.5)"
63,"(134.0, 5894.0)","(176.0, 5893.76904296875)","(218.0, 5893.5)","(259.5766296386719, 5893.28564453125)","(301.6000061035156, 5893.2001953125)","(343.76922607421875, 5893.0)","(385.8157958984375, 5892.81591796875)","(427.831787109375, 5892.73046875)","(470.17401123046875, 5892.72900390625)","(512.0, 5892.4443359375)","(554.0, 5892.0)","(596.2671508789062, 5891.923828125)","(638.3058471679688, 5891.830078125)","(680.8214111328125, 5891.45556640625)","(723.5, 5891.681640625)","(764.5, 5891.5)","(807.3805541992188, 5891.283203125)","(849.4000244140625, 5890.60009765625)","(891.519775390625, 5890.55517578125)","(933.883544921875, 5890.41796875)","(975.7083129882812, 5890.0)","(1018.0, 5890.0)","(1060.2890625, 5889.70263671875)","(1102.5, 5889.5)","(1144.8414306640625, 5889.3046875)","(1187.0, 5889.0)","(1229.5, 5889.0)","(1271.2906494140625, 5888.5234375)","(1313.7069091796875, 5888.29296875)","(1356.0, 5888.0)"
62,"(134.69000244140625, 5936.41015625)","(177.0, 5936.0)","(218.57781982421875, 5935.7177734375)","(261.0, 5935.5)","(302.5, 5935.5)","(345.0, 5935.0)","(386.8999938964844, 5935.5)","(429.0, 5935.26318359375)","(471.0, 5935.0)","(513.3099975585938, 5934.58984375)","(555.0, 5934.5)","(597.2974853515625, 5934.2890625)","(639.5757446289062, 5934.181640625)","(682.1206665039062, 5934.12060546875)","(724.2391357421875, 5933.89111328125)","(766.5640258789062, 5933.60400390625)","(808.5, 5933.5)","(850.2974853515625, 5933.2890625)","(892.5, 5933.0)","(934.6812744140625, 5932.72509765625)","(977.0, 5932.5)","(1018.9014282226562, 5932.31005859375)","(1061.189697265625, 5932.189453125)","(1103.5625, 5931.5)","(1145.5635986328125, 5931.3818359375)","(1187.7430419921875, 5930.88232421875)","(1229.717041015625, 5931.12255859375)","(1272.0, 5931.0)","(1314.3636474609375, 5931.0)","(1356.5, 5930.5)"
61,"(135.68605041503906, 5978.267578125)","(177.4921875, 5978.2109375)","(219.0, 5978.0)","(261.1842041015625, 5977.81591796875)","(303.5, 5977.5)","(345.3571472167969, 5977.35693359375)","(387.5, 5977.1923828125)","(429.7049255371094, 5977.27880859375)","(471.8055419921875, 5976.97216796875)","(513.7692260742188, 5977.0)","(555.7142944335938, 5976.71435546875)","(598.0294189453125, 5976.4609375)","(640.2000122070312, 5976.39990234375)","(682.4390258789062, 5976.1220703125)","(724.5, 5976.0)","(766.73681640625, 5976.0)","(808.875, 5975.625)","(850.8043212890625, 5975.4345703125)","(893.0, 5975.0)","(935.0, 5975.0)","(977.1634521484375, 5974.6396484375)","(1019.5, 5974.5)","(1061.7025146484375, 5974.2890625)","(1104.0, 5974.0)","(1146.2076416015625, 5973.94091796875)","(1188.0999755859375, 5973.419921875)","(1230.4571533203125, 5973.40966796875)","(1272.7548828125, 5973.2646484375)","(1315.5, 5973.10009765625)","(1358.26318359375, 5973.0)"
60,"(135.88636779785156, 6020.431640625)","(177.8333282470703, 6020.16650390625)","(220.0, 6020.0)","(261.6941833496094, 6019.830078125)","(303.8301086425781, 6019.6943359375)","(344.5, 6019.5)","(387.8507385253906, 6019.462890625)","(430.1666564941406, 6019.16650390625)","(472.0, 6019.0)","(514.0, 6019.0)","(556.0, 6018.7998046875)","(598.0999755859375, 6018.5)","(640.2142944335938, 6018.5)","(682.4957275390625, 6018.19091796875)","(724.7408447265625, 6018.07568359375)","(767.0, 6018.0)","(809.2806396484375, 6017.7080078125)","(851.0, 6017.5)","(893.0, 6017.0)","(935.5744018554688, 6017.16943359375)","(977.4528198242188, 6016.75341796875)","(1019.7105102539062, 6016.71044921875)","(1062.0, 6016.6943359375)","(1104.5, 6016.14697265625)","(1146.5, 6016.0)","(1188.5, 6015.5)","(1230.61279296875, 6015.51513671875)","(1273.5, 6015.0)","(1316.0, 6015.26318359375)","(1358.6458740234375, 6015.07958984375)"
59,"(136.2857208251953, 6062.28564453125)","(178.13999938964844, 6062.0400390625)","(220.0, 6062.0)","(262.0, 6062.0)","(304.0400085449219, 6061.85986328125)","(346.27777099609375, 6061.72216796875)","(388.0, 6061.4443359375)","(430.5, 6061.5)","(472.0, 6061.13134765625)","(514.1428833007812, 6060.85693359375)","(556.0725708007812, 6060.74609375)","(598.2821044921875, 6060.57763671875)","(640.7222290039062, 6060.5)","(682.5, 6060.5)","(724.9444580078125, 6060.0556640625)","(767.2591552734375, 6059.92431640625)","(809.2586059570312, 6059.7412109375)","(851.172119140625, 6059.5654296875)","(893.4099731445312, 6059.31005859375)","(935.5822143554688, 6059.1162109375)","(977.8793334960938, 6058.87939453125)","(1020.3106689453125, 6058.72314453125)","(1062.5, 6058.5)","(1104.8529052734375, 6058.5)","(1147.2467041015625, 6058.3798828125)","(1189.447998046875, 6058.1103515625)","(1231.7025146484375, 6057.7109375)","(1274.0958251953125, 6057.57275390625)","(1316.4000244140625, 6057.39990234375)","(1358.9041748046875, 6057.42724609375)"
58,"(136.7178955078125, 6104.57763671875)","(179.0, 6104.0)","(220.67857360839844, 6104.0)","(262.5043029785156, 6103.80908203125)","(304.3571472167969, 6103.64306640625)","(346.42218017578125, 6103.7177734375)","(388.5, 6103.5)","(430.7790832519531, 6103.40673828125)","(472.5, 6103.0)","(514.412353515625, 6102.8427734375)","(556.2568969726562, 6102.87548828125)","(598.5, 6102.5)","(640.6428833007812, 6102.35693359375)","(682.924072265625, 6102.25927734375)","(725.1463012695312, 6102.24658203125)","(767.4038696289062, 6101.884765625)","(809.4221801757812, 6101.7177734375)","(851.4590454101562, 6101.61474609375)","(893.5778198242188, 6101.2822265625)","(936.0, 6101.0)","(978.0, 6101.0)","(1020.5, 6101.0)","(1063.0584716796875, 6100.73388671875)","(1105.2989501953125, 6100.7109375)","(1147.5899658203125, 6100.31005859375)","(1190.0, 6100.0)","(1232.059326171875, 6100.20751953125)","(1274.5, 6100.0)","(1316.8680419921875, 6099.75634765625)","(1359.3182373046875, 6099.5)"
57,"(136.77586364746094, 6146.22412109375)","(179.0, 6146.0)","(220.5, 6146.0)","(262.5, 6146.0)","(304.92742919921875, 6145.74609375)","(346.95123291015625, 6145.8291015625)","(388.5, 6145.5)","(430.8513488769531, 6145.47314453125)","(472.3333435058594, 6145.0)","(514.272705078125, 6145.0)","(556.1243286132812, 6144.7431640625)","(598.5232543945312, 6144.70947265625)","(641.0, 6144.5)","(682.8689575195312, 6144.3251953125)","(725.25, 6144.25)","(767.5, 6144.0)","(809.625, 6143.875)","(852.0, 6143.5)","(894.0, 6143.5)","(936.1956787109375, 6143.4345703125)","(978.4571533203125, 6143.40966796875)","(1021.0, 6143.26318359375)","(1063.2569580078125, 6142.88232421875)","(1105.6593017578125, 6142.90283203125)","(1148.2894287109375, 6142.71044921875)","(1190.3272705078125, 6142.41796875)","(1232.5, 6142.1923828125)","(1275.0, 6142.0)","(1317.26318359375, 6142.0)","(1359.5, 6141.5712890625)"
56,"(137.0, 6188.0)","(178.72727966308594, 6188.0)","(221.0, 6188.0)","(262.7150573730469, 6187.62890625)","(304.8972473144531, 6187.595703125)","(346.8387145996094, 6187.62109375)","(389.3840637207031, 6187.673828125)","(431.1044006347656, 6187.4560546875)","(473.0, 6187.4443359375)","(515.0, 6187.0)","(557.0, 6187.0)","(598.7178955078125, 6186.57763671875)","(641.0, 6186.6787109375)","(683.4221801757812, 6186.2822265625)","(725.5, 6186.375)","(768.0, 6186.26318359375)","(810.0, 6186.26318359375)","(851.83056640625, 6185.57421875)","(894.1923217773438, 6185.5)","(936.5, 6185.1923828125)","(979.0, 6185.447265625)","(1021.4255981445312, 6185.16943359375)","(1064.0, 6185.33349609375)","(1106.5, 6185.0)","(1148.455322265625, 6184.8212890625)","(1190.5, 6180.0)","(1233.0, 6184.39306640625)","(1275.2894287109375, 6184.28955078125)","(1317.7608642578125, 6183.89111328125)","(1360.2591552734375, 6184.07568359375)"
55,"(136.8292694091797, 6229.951171875)","(179.0, 6230.0)","(221.17123413085938, 6229.65087890625)","(262.8835754394531, 6229.58203125)","(305.0689697265625, 6229.51708984375)","(347.0, 6229.27294921875)","(389.1698913574219, 6229.6943359375)","(431.28570556640625, 6229.28564453125)","(473.22222900390625, 6229.22216796875)","(515.0, 6229.0)","(557.0, 6229.0)","(599.2565307617188, 6228.5869140625)","(641.5482177734375, 6228.72509765625)","(683.8125, 6228.5)","(726.0696411132812, 6228.65185546875)","(768.3805541992188, 6228.283203125)","(810.3931274414062, 6228.4619140625)","(852.0, 6227.5)","(894.8632202148438, 6227.77783203125)","(937.1470336914062, 6227.5)","(979.5, 6227.5)","(1021.855712890625, 6227.45263671875)","(1064.2890625, 6227.29736328125)","(1106.607666015625, 6227.4306640625)","(1149.0, 6227.0)","(1191.0, 6226.73681640625)","(1233.31005859375, 6226.58984375)","(1275.5, 6226.5)","(1318.2467041015625, 6226.3798828125)","(1360.5, 6226.0)"
54,"(137.0, 6271.76904296875)","(178.8333282470703, 6271.83349609375)","(220.875, 6271.625)","(262.82598876953125, 6271.72900390625)","(305.1000061035156, 6271.5)","(347.1573791503906, 6271.412109375)","(389.5, 6271.5)","(431.593017578125, 6271.220703125)","(473.5, 6271.5)","(515.5, 6271.0)","(557.727294921875, 6271.0)","(599.2894897460938, 6270.71044921875)","(641.8426513671875, 6270.587890625)","(684.3099975585938, 6270.58984375)","(726.6900024414062, 6270.58984375)","(768.830078125, 6270.3056640625)","(811.075927734375, 6270.25927734375)","(852.8793334960938, 6270.12060546875)","(895.0, 6270.0)","(937.69921875, 6269.9140625)","(979.8863525390625, 6269.568359375)","(1022.2894897460938, 6269.71044921875)","(1064.7178955078125, 6269.42236328125)","(1107.1103515625, 6269.4482421875)","(1149.48388671875, 6269.37890625)","(1191.4178466796875, 6268.8837890625)","(1233.7105712890625, 6268.71044921875)","(1275.9278564453125, 6268.47021484375)","(1318.2989501953125, 6268.2890625)","(1360.5692138671875, 6268.39208984375)"
53,"(137.0, 6314.0)","(179.21063232421875, 6313.91259765625)","(221.0, 6314.0)","(263.0, 6314.0)","(305.1370544433594, 6313.669921875)","(347.1698913574219, 6313.3056640625)","(389.6428527832031, 6313.64306640625)","(431.8414611816406, 6313.3046875)","(473.822265625, 6313.29150390625)","(516.0, 6313.0)","(558.0, 6313.0)","(600.0, 6313.0)","(642.2951049804688, 6312.72119140625)","(684.5, 6313.0)","(727.0, 6312.66650390625)","(769.1842041015625, 6312.81591796875)","(811.5, 6312.5)","(853.2974853515625, 6312.2890625)","(895.772705078125, 6312.318359375)","(938.0, 6312.26318359375)","(980.4099731445312, 6311.68994140625)","(1022.8157958984375, 6311.81591796875)","(1065.0, 6312.0)","(1107.2821044921875, 6311.57763671875)","(1149.5, 6311.65380859375)","(1191.5899658203125, 6311.31005859375)","(1234.0, 6311.0)","(1276.5743408203125, 6310.83056640625)","(1319.0, 6310.5)","(1361.5, 6310.5)"
52,"(137.81080627441406, 6355.94580078125)","(179.7413787841797, 6355.7412109375)","(221.70689392089844, 6355.70703125)","(263.7758483886719, 6355.77587890625)","(306.0, 6356.0)","(347.82598876953125, 6355.72900390625)","(390.0, 6355.5)","(432.5, 6355.5)","(474.5, 6355.5)","(516.7325439453125, 6355.31396484375)","(558.5, 6355.5)","(600.8863525390625, 6355.431640625)","(642.8793334960938, 6354.87939453125)","(685.2916870117188, 6355.0)","(727.6593017578125, 6354.90283203125)","(769.8259887695312, 6354.72900390625)","(812.16943359375, 6354.57421875)","(853.9000244140625, 6354.5)","(896.4095458984375, 6354.45703125)","(938.5900268554688, 6354.31005859375)","(981.3099975585938, 6354.41015625)","(1023.4480590820312, 6353.8896484375)","(1065.58642578125, 6354.1171875)","(1108.2900390625, 6353.720703125)","(1150.5, 6353.5)","(1192.3182373046875, 6353.5)","(1235.0, 6353.3056640625)","(1277.2646484375, 6352.7548828125)","(1319.7083740234375, 6353.0)","(1362.3406982421875, 6352.90283203125)"
51,"(138.0, 6398.26318359375)","(180.0, 6398.0)","(222.0, 6398.0)","(264.04132080078125, 6397.85546875)","(306.3058166503906, 6397.830078125)","(348.0, 6397.76904296875)","(390.5, 6397.5)","(432.5481872558594, 6397.72509765625)","(474.80767822265625, 6397.5)","(516.7325439453125, 6397.31396484375)","(558.4620971679688, 6397.1513671875)","(601.0645141601562, 6397.45166015625)","(643.3805541992188, 6397.283203125)","(685.5999755859375, 6397.39990234375)","(728.2569580078125, 6397.11767578125)","(770.298095703125, 6396.72119140625)","(812.5, 6396.7666015625)","(854.2894897460938, 6396.71044921875)","(896.70751953125, 6396.330078125)","(939.3461303710938, 6396.5)","(981.3058471679688, 6396.169921875)","(1023.7290649414062, 6396.173828125)","(1066.1207275390625, 6396.12060546875)","(1108.4608154296875, 6395.970703125)","(1150.6956787109375, 6395.9130859375)","(1192.9000244140625, 6395.580078125)","(1235.2894287109375, 6395.28955078125)","(1277.875, 6395.375)","(1320.2591552734375, 6395.07568359375)","(1362.9210205078125, 6395.0)"
50,"(138.0, 6440.0)","(180.5, 6440.0)","(222.0, 6440.0)","(264.23077392578125, 6440.0)","(306.5, 6439.5)","(348.23077392578125, 6440.0)","(390.2821044921875, 6439.57763671875)","(433.0, 6439.7998046875)","(475.06451416015625, 6439.45166015625)","(517.2333374023438, 6439.5)","(559.2750854492188, 6439.45166015625)","(601.5540771484375, 6439.24755859375)","(643.7142944335938, 6439.28564453125)","(686.0, 6439.0)","(728.4628295898438, 6439.11328125)","(770.5392456054688, 6438.970703125)","(813.111572265625, 6438.896484375)","(854.7109985351562, 6438.70263671875)","(896.855712890625, 6438.54736328125)","(939.2894897460938, 6438.71044921875)","(982.0, 6438.5)","(1024.31005859375, 6438.41015625)","(1066.5, 6438.1875)","(1109.0, 6438.0)","(1151.4444580078125, 6438.0)","(1193.1842041015625, 6437.81591796875)","(1235.8824462890625, 6437.7431640625)","(1278.2890625, 6437.29736328125)","(1320.75, 6437.25)","(1363.4256591796875, 6437.16943359375)"
49,"(138.5, 6481.85302734375)","(180.3058319091797, 6481.830078125)","(222.0, 6482.0)","(264.2980651855469, 6481.72119140625)","(306.0833435058594, 6481.70849609375)","(348.0, 6481.76904296875)","(390.5, 6482.5)","(432.8387145996094, 6481.62109375)","(475.2894592285156, 6481.71044921875)","(517.0999755859375, 6481.5)","(559.5, 6481.5)","(601.587646484375, 6481.1572265625)","(643.125, 6481.5)","(686.2894897460938, 6481.28955078125)","(728.46875, 6481.0)","(771.0, 6481.33349609375)","(813.2695922851562, 6480.83203125)","(855.0, 6481.0)","(897.5744018554688, 6480.83056640625)","(939.883544921875, 6480.58203125)","(982.0999755859375, 6480.5)","(1024.5, 6480.5)","(1067.0, 6480.0)","(1109.2989501953125, 6480.2890625)","(1151.7049560546875, 6480.27880859375)","(1193.5, 6480.0)","(1236.3226318359375, 6479.83447265625)","(1278.8824462890625, 6479.7431640625)","(1321.4447021484375, 6479.48046875)","(1363.9130859375, 6479.30419921875)"
48,"(138.70852661132812, 6523.822265625)","(180.67910766601562, 6523.7685546875)","(222.0, 6524.0)","(264.1842041015625, 6523.81591796875)","(306.5, 6523.5)","(347.92742919921875, 6523.74609375)","(390.5481872558594, 6523.72509765625)","(432.6666564941406, 6523.58349609375)","(475.0575256347656, 6523.59716796875)","(517.1923217773438, 6523.5)","(559.2750854492188, 6523.45166015625)","(601.5, 6523.1923828125)","(644.0, 6523.23095703125)","(686.5, 6523.5)","(728.5, 6523.0)","(771.0, 6523.0)","(813.5, 6523.1875)","(855.2951049804688, 6522.72119140625)","(897.8259887695312, 6522.72900390625)","(940.0, 6523.0)","(982.2854614257812, 6522.57666015625)","(1024.9000244140625, 6522.5)","(1067.5, 6522.5)","(1109.7105712890625, 6522.28955078125)","(1152.0, 6522.0)","(1194.3043212890625, 6521.9130859375)","(1236.7408447265625, 6521.92431640625)","(1278.9130859375, 6521.69580078125)","(1321.8214111328125, 6521.54443359375)","(1364.27783203125, 6521.5)"
47,"(138.59442138671875, 6565.7919921875)","(180.5, 6566.0)","(222.3058319091797, 6565.830078125)","(264.5, 6565.71044921875)","(306.1842041015625, 6565.81591796875)","(348.19232177734375, 6565.5)","(390.5, 6565.5)","(432.8529357910156, 6565.5)","(475.07257080078125, 6565.74609375)","(517.1043701171875, 6565.5439453125)","(559.4221801757812, 6565.2822265625)","(601.81201171875, 6565.49609375)","(644.1727294921875, 6565.28173828125)","(686.2709350585938, 6565.173828125)","(728.5, 6565.1923828125)","(771.5089111328125, 6565.3037109375)","(813.5, 6565.23681640625)","(855.7608642578125, 6565.10888671875)","(898.30078125, 6564.9140625)","(940.169921875, 6564.6943359375)","(982.8157958984375, 6564.81591796875)","(1025.2918701171875, 6564.71923828125)","(1067.5, 6564.5)","(1109.8089599609375, 6564.50439453125)","(1152.2930908203125, 6564.29296875)","(1194.6199951171875, 6564.24658203125)","(1237.0, 6564.0)","(1279.5, 6563.85302734375)","(1322.2894287109375, 6563.71044921875)","(1364.7178955078125, 6563.42236328125)"
46,"(139.0, 6607.5)","(180.9274139404297, 6607.74609375)","(222.5, 6607.5)","(264.3823547363281, 6607.61767578125)","(306.6428527832031, 6607.64306640625)","(348.2894592285156, 6607.71044921875)","(390.52703857421875, 6607.8515625)","(433.06451416015625, 6607.45166015625)","(475.1573791503906, 6607.587890625)","(517.5, 6607.5)","(559.830078125, 6607.3056640625)","(601.8956298828125, 6607.4560546875)","(644.3571166992188, 6607.35693359375)","(686.2120971679688, 6607.36376953125)","(728.1842041015625, 6607.18408203125)","(771.2569580078125, 6607.11767578125)","(813.7857055664062, 6607.21435546875)","(856.0, 6607.0)","(898.0, 6607.0)","(940.7105102539062, 6606.71044921875)","(983.125, 6606.625)","(1025.4459228515625, 6606.75244140625)","(1067.8863525390625, 6606.568359375)","(1110.5, 6606.5)","(1152.8157958984375, 6606.18408203125)","(1195.0, 6606.0)","(1237.82470703125, 6606.09716796875)","(1280.0, 6606.0)","(1322.6817626953125, 6605.5)","(1365.1922607421875, 6605.5)"
45,"(139.52325439453125, 6649.70947265625)","(181.0, 6650.0)","(222.82598876953125, 6649.72900390625)","(264.5, 6649.72216796875)","(306.9504089355469, 6649.82666015625)","(349.3571472167969, 6649.35693359375)","(391.3058166503906, 6649.830078125)","(433.5, 6649.72216796875)","(475.5, 6649.5)","(517.6428833007812, 6649.64306640625)","(559.831787109375, 6649.73046875)","(602.2821044921875, 6649.42236328125)","(644.5, 6649.5)","(686.9324340820312, 6649.39208984375)","(729.0, 6649.5)","(771.8157958984375, 6649.18408203125)","(814.2569580078125, 6649.11767578125)","(856.125, 6649.375)","(898.5, 6649.0)","(940.8793334960938, 6648.87939453125)","(983.0, 6649.0)","(1025.810302734375, 6648.810546875)","(1068.5, 6648.5)","(1110.5, 6648.5)","(1152.8529052734375, 6648.5)","(1195.2890625, 6648.29736328125)","(1237.72216796875, 6648.27783203125)","(1280.2059326171875, 6648.0)","(1323.0, 6647.73681640625)","(1365.6192626953125, 6647.7158203125)"
44,"(139.96824645996094, 6691.52392578125)","(181.9274139404297, 6691.74609375)","(224.0, 6691.5)","(265.5, 6691.5)","(307.5, 6691.5)","(349.75225830078125, 6691.44580078125)","(391.8513488769531, 6691.52685546875)","(434.0, 6691.76904296875)","(476.5, 6691.72216796875)","(518.5, 6691.5)","(560.5, 6691.5)","(603.0, 6691.6787109375)","(645.0, 6691.56689453125)","(686.924072265625, 6691.25927734375)","(729.7533569335938, 6691.3798828125)","(772.3867797851562, 6691.466796875)","(814.72265625, 6691.27001953125)","(856.3214111328125, 6691.0)","(898.5900268554688, 6691.31005859375)","(941.3252563476562, 6690.869140625)","(983.7110595703125, 6690.701171875)","(1026.1842041015625, 6690.81591796875)","(1068.8651123046875, 6690.59521484375)","(1111.0584716796875, 6690.73388671875)","(1153.172119140625, 6690.4345703125)","(1195.5869140625, 6690.25634765625)","(1238.0, 6690.0)","(1280.5, 6690.1875)","(1323.26318359375, 6690.0)","(1365.7105712890625, 6689.71044921875)"
43,"(140.14706420898438, 6733.5)","(182.5, 6733.27783203125)","(224.22727966308594, 6733.5908203125)","(266.19232177734375, 6733.5)","(308.25653076171875, 6733.4130859375)","(350.1573791503906, 6733.587890625)","(392.1698913574219, 6733.6943359375)","(434.8888854980469, 6733.4443359375)","(476.82598876953125, 6733.72900390625)","(519.2777709960938, 6733.388671875)","(561.0, 6733.5)","(603.5, 6733.5)","(645.5, 6733.5)","(687.4310302734375, 6733.43115234375)","(730.3085327148438, 6733.1171875)","(772.6727294921875, 6733.41796875)","(815.0, 6733.0)","(857.0, 6733.33349609375)","(899.2434692382812, 6733.1318359375)","(941.5519409179688, 6733.1103515625)","(984.1206665039062, 6733.12060546875)","(1026.5, 6732.9287109375)","(1068.8792724609375, 6732.87939453125)","(1111.23681640625, 6732.5)","(1153.72216796875, 6732.5)","(1195.8507080078125, 6732.462890625)","(1238.5042724609375, 6732.19091796875)","(1281.26318359375, 6732.0)","(1323.5682373046875, 6731.88623046875)","(1366.0869140625, 6731.69580078125)"
42,"(140.72222900390625, 6775.5)","(182.5, 6775.72216796875)","(224.5, 6775.5)","(266.3058166503906, 6775.830078125)","(308.8999938964844, 6775.5)","(350.5869445800781, 6775.673828125)","(392.8514709472656, 6775.62548828125)","(435.5, 6775.5)","(477.5, 6775.5)","(519.68603515625, 6775.732421875)","(561.6428833007812, 6775.64306640625)","(603.5, 6775.5)","(645.8386840820312, 6775.37890625)","(688.2930908203125, 6775.29296875)","(730.6428833007812, 6775.64306640625)","(773.3035888671875, 6775.5087890625)","(815.2695922851562, 6775.16796875)","(857.3333129882812, 6775.22216796875)","(899.5, 6775.10009765625)","(942.2601318359375, 6775.17529296875)","(984.2808227539062, 6775.13037109375)","(1026.84619140625, 6774.615234375)","(1069.229736328125, 6774.68896484375)","(1111.8365478515625, 6774.6396484375)","(1153.9727783203125, 6774.59228515625)","(1196.1175537109375, 6774.2568359375)","(1238.6199951171875, 6774.24658203125)","(1281.5474853515625, 6773.85595703125)","(1324.0, 6774.0)","(1366.5, 6773.72216796875)"
41,"(140.88636779785156, 6817.431640625)","(182.6981201171875, 6817.21240234375)","(224.8756866455078, 6817.2568359375)","(266.9090881347656, 6817.318359375)","(309.0, 6817.5)","(351.0, 6817.5)","(393.0, 6817.5)","(435.8301086425781, 6817.3056640625)","(477.6428527832031, 6817.64306640625)","(520.0, 6817.27294921875)","(562.2048950195312, 6817.46728515625)","(604.0, 6817.5)","(646.3571166992188, 6817.35693359375)","(688.5900268554688, 6817.31005859375)","(731.168212890625, 6817.26953125)","(773.4221801757812, 6817.2822265625)","(815.4221801757812, 6817.2822265625)","(857.694580078125, 6817.1650390625)","(900.26318359375, 6817.0)","(942.5042724609375, 6816.80908203125)","(984.7083129882812, 6817.0)","(1027.27783203125, 6816.72216796875)","(1069.577880859375, 6816.7177734375)","(1112.0294189453125, 6816.5390625)","(1154.3260498046875, 6816.38427734375)","(1196.5, 6816.27783203125)","(1239.0, 6816.0)","(1281.5, 6816.0)","(1324.42529296875, 6815.939453125)","(1366.8387451171875, 6815.62109375)"
40,"(141.17355346679688, 6859.0498046875)","(183.04959106445312, 6859.17333984375)","(225.0, 6859.0)","(267.1764831542969, 6859.0)","(309.1538391113281, 6859.384765625)","(351.5, 6859.5)","(393.5, 6859.1923828125)","(436.0, 6859.0)","(478.0, 6859.27294921875)","(520.1304321289062, 6859.2607421875)","(562.31396484375, 6859.267578125)","(604.4221801757812, 6859.2822265625)","(647.0, 6859.0)","(688.7048950195312, 6859.27880859375)","(731.2857055664062, 6859.28564453125)","(773.6199951171875, 6859.24658203125)","(815.6900024414062, 6859.41015625)","(858.0, 6859.0)","(900.4444580078125, 6859.0)","(942.826416015625, 6858.9501953125)","(985.0, 6859.0)","(1027.5899658203125, 6858.68994140625)","(1070.0, 6858.5)","(1112.5, 6858.5)","(1154.5, 6858.5)","(1196.8507080078125, 6858.462890625)","(1239.4256591796875, 6858.16943359375)","(1281.552001953125, 6858.1103515625)","(1324.422119140625, 6857.7177734375)","(1366.9000244140625, 6857.5)"
39,"(141.2569122314453, 6900.87548828125)","(183.23077392578125, 6901.0)","(225.0, 6901.33349609375)","(267.1164245605469, 6901.41796875)","(309.3605651855469, 6901.16357421875)","(351.4361572265625, 6901.2021484375)","(393.27508544921875, 6901.45166015625)","(435.80767822265625, 6901.5)","(478.0, 6901.0)","(520.1071166992188, 6901.10693359375)","(562.0689697265625, 6901.2412109375)","(604.5, 6901.5)","(647.0, 6901.4443359375)","(689.0, 6901.33349609375)","(731.360595703125, 6901.16357421875)","(773.7692260742188, 6901.0)","(816.3493041992188, 6901.17138671875)","(858.2662353515625, 6900.94140625)","(900.5816040039062, 6901.19384765625)","(943.0, 6901.0)","(985.5, 6900.5)","(1027.77587890625, 6900.77587890625)","(1070.0999755859375, 6900.5)","(1112.642822265625, 6900.64306640625)","(1154.8089599609375, 6900.50439453125)","(1197.0357666015625, 6900.4287109375)","(1239.552001953125, 6900.1103515625)","(1282.0, 6900.0)","(1324.5, 6899.8076171875)","(1367.0, 6899.6787109375)"
38,"(141.5, 6942.72216796875)","(183.1521759033203, 6942.80419921875)","(225.32142639160156, 6943.0)","(267.7272644042969, 6943.0)","(309.5, 6943.111328125)","(351.6666564941406, 6943.0)","(393.6666564941406, 6943.0)","(435.8757019042969, 6943.2568359375)","(477.9504089355469, 6943.17333984375)","(520.125, 6943.375)","(562.125, 6943.125)","(604.2540283203125, 6943.07275390625)","(646.8756713867188, 6943.2568359375)","(689.0333251953125, 6943.36669921875)","(731.3275756835938, 6943.32763671875)","(774.0, 6943.0)","(816.1206665039062, 6943.12060546875)","(858.2916870117188, 6943.125)","(900.4444580078125, 6943.0)","(943.0, 6943.0)","(985.5270385742188, 6942.8515625)","(1028.0, 6943.0)","(1070.2894287109375, 6942.71044921875)","(1112.5, 6942.5)","(1155.125, 6942.375)","(1197.394775390625, 6941.9736328125)","(1239.8553466796875, 6942.04150390625)","(1282.0, 6942.0)","(1324.6845703125, 6941.73095703125)","(1367.1956787109375, 6941.4345703125)"
37,"(141.7857208251953, 6984.5)","(183.6941680908203, 6984.830078125)","(225.7142791748047, 6984.71435546875)","(267.5, 6985.0)","(311.53277587890625, 6985.40185546875)","(351.7272644042969, 6985.0)","(393.5, 6985.10009765625)","(435.6785583496094, 6985.0)","(477.8757019042969, 6985.2568359375)","(520.09521484375, 6985.23828125)","(562.1043701171875, 6985.4560546875)","(604.2777709960938, 6985.5)","(646.7056274414062, 6985.16357421875)","(689.0, 6985.0)","(731.2777709960938, 6985.27783203125)","(774.0, 6985.0)","(816.3984375, 6984.9140625)","(858.272705078125, 6985.0)","(900.8793334960938, 6985.12060546875)","(943.3800048828125, 6984.75341796875)","(985.5652465820312, 6984.80419921875)","(1027.8507080078125, 6984.537109375)","(1070.5, 6984.5)","(1112.5, 6984.5)","(1155.0645751953125, 6984.45166015625)","(1197.4130859375, 6984.25634765625)","(1240.0, 6984.0)","(1282.36669921875, 6985.033203125)","(1324.8260498046875, 6983.72900390625)","(1367.27783203125, 6983.5)"
36,"(141.9274139404297, 7026.74609375)","(183.59375, 7026.796875)","(225.77586364746094, 7026.77587890625)","(267.692138671875, 7026.87548828125)","(309.75860595703125, 7026.93115234375)","(351.6785583496094, 7027.0)","(393.73040771484375, 7026.83203125)","(435.7272644042969, 7027.0)","(477.53277587890625, 7027.205078125)","(519.7857055664062, 7027.21435546875)","(562.1043701171875, 7027.4560546875)","(604.406982421875, 7027.19775390625)","(646.6255493164062, 7027.1484375)","(689.0, 7027.4443359375)","(731.3181762695312, 7027.37890625)","(773.8246459960938, 7027.09716796875)","(816.4444580078125, 7027.0888671875)","(858.2695922851562, 7027.16796875)","(900.6818237304688, 7026.77294921875)","(943.4099731445312, 7026.68994140625)","(985.6192626953125, 7026.7158203125)","(1028.0, 7026.76904296875)","(1070.5, 7026.5)","(1113.0, 7026.27294921875)","(1155.2857666015625, 7026.28564453125)","(1197.6199951171875, 7026.24658203125)","(1240.26953125, 7025.83203125)","(1282.5869140625, 7025.74365234375)","(1325.0, 7025.59375)","(1367.357177734375, 7025.35693359375)"
35,"(142.10714721679688, 7068.10693359375)","(184.0, 7068.5)","(225.95040893554688, 7068.82666015625)","(267.9504089355469, 7068.82666015625)","(309.8928527832031, 7068.89306640625)","(351.73809814453125, 7068.880859375)","(393.75860595703125, 7068.93115234375)","(435.7272644042969, 7069.0)","(477.75860595703125, 7069.06884765625)","(519.8756713867188, 7069.2568359375)","(562.1923217773438, 7069.5)","(604.4221801757812, 7069.2822265625)","(646.6941528320312, 7069.169921875)","(688.6900024414062, 7069.41015625)","(731.360595703125, 7069.16357421875)","(774.0, 7069.0)","(816.4255981445312, 7069.16943359375)","(858.5555419921875, 7069.0)","(900.73681640625, 7069.0)","(943.2307739257812, 7069.0)","(985.7009887695312, 7068.7109375)","(1028.1136474609375, 7068.568359375)","(1070.2894287109375, 7068.71044921875)","(1112.72216796875, 7068.611328125)","(1155.357177734375, 7068.35693359375)","(1198.0, 7068.0)","(1240.2708740234375, 7067.826171875)","(1282.72119140625, 7067.7021484375)","(1325.2049560546875, 7067.46728515625)","(1367.5, 7067.1923828125)"
34,"(142.17401123046875, 7110.27099609375)","(184.0, 7110.27294921875)","(226.0, 7110.6787109375)","(267.8333435058594, 7110.83349609375)","(310.0, 7111.0)","(351.95159912109375, 7110.85498046875)","(393.7469177246094, 7110.80859375)","(435.73529052734375, 7111.2646484375)","(477.822021484375, 7111.025390625)","(520.0487670898438, 7111.1708984375)","(562.1666870117188, 7111.16650390625)","(604.692138671875, 7111.12451171875)","(646.5, 7111.5)","(689.1175537109375, 7111.2568359375)","(732.0, 7111.0)","(773.7352905273438, 7111.2646484375)","(816.5372924804688, 7111.1494140625)","(858.4525756835938, 7111.14404296875)","(901.0, 7111.0)","(943.5446166992188, 7110.8212890625)","(985.8414916992188, 7110.6953125)","(1028.1842041015625, 7110.81591796875)","(1070.67236328125, 7110.67236328125)","(1113.284423828125, 7110.380859375)","(1155.6942138671875, 7110.169921875)","(1198.0, 7110.0)","(1240.3057861328125, 7109.830078125)","(1283.0, 7109.5556640625)","(1325.5, 7109.5)","(1367.7142333984375, 7109.28564453125)"
33,"(141.88961791992188, 7152.4482421875)","(184.35714721679688, 7152.35693359375)","(226.0725860595703, 7152.25390625)","(267.92742919921875, 7152.74609375)","(309.9504089355469, 7152.82666015625)","(351.5, 7153.0)","(393.87579345703125, 7152.90771484375)","(435.9047546386719, 7153.23828125)","(478.0495910644531, 7153.17333984375)","(520.1071166992188, 7153.10693359375)","(562.4221801757812, 7153.2822265625)","(605.0, 7153.0)","(647.0, 7153.23095703125)","(689.4166870117188, 7153.16650390625)","(732.0, 7153.0)","(773.727294921875, 7153.0)","(816.4041137695312, 7152.8974609375)","(858.826416015625, 7152.9501953125)","(901.3043212890625, 7152.9130859375)","(943.6428833007812, 7152.64306640625)","(985.8333129882812, 7152.83349609375)","(1028.229736328125, 7152.68896484375)","(1070.7435302734375, 7152.5869140625)","(1113.0, 7152.5)","(1155.6209716796875, 7152.1611328125)","(1197.892822265625, 7152.10693359375)","(1240.5, 7151.85302734375)","(1282.9425048828125, 7151.59716796875)","(1325.3809814453125, 7151.40478515625)","(1367.6817626953125, 7151.13623046875)"
32,"(142.32142639160156, 7194.0)","(184.47357177734375, 7194.37646484375)","(226.5, 7194.27783203125)","(268.3571472167969, 7194.35693359375)","(309.9459533691406, 7194.81103515625)","(351.5625, 7194.79150390625)","(393.5, 7195.0)","(436.2727355957031, 7195.0)","(478.2727355957031, 7195.0)","(520.8928833007812, 7194.89306640625)","(562.7085571289062, 7195.177734375)","(605.0, 7195.0)","(647.5, 7195.0)","(689.5681762695312, 7195.11376953125)","(731.7777709960938, 7195.22216796875)","(774.22412109375, 7195.22412109375)","(816.5037841796875, 7195.18798828125)","(858.8928833007812, 7194.89306640625)","(901.173583984375, 7195.0498046875)","(943.5519409179688, 7195.1103515625)","(986.0, 7194.76904296875)","(1028.2857666015625, 7194.71435546875)","(1070.8365478515625, 7194.6396484375)","(1113.220947265625, 7194.40673828125)","(1155.6942138671875, 7194.169921875)","(1198.0, 7194.0)","(1240.62548828125, 7193.8515625)","(1283.1922607421875, 7193.5)","(1325.5, 7193.5)","(1367.8505859375, 7193.18505859375)"
31,"(142.5, 7235.85302734375)","(184.5, 7235.9736328125)","(226.1666717529297, 7236.16650390625)","(268.0833435058594, 7236.70849609375)","(310.25653076171875, 7236.4130859375)","(352.1363525390625, 7236.681640625)","(394.1735534667969, 7237.0498046875)","(436.2727355957031, 7237.0)","(478.8928527832031, 7236.89306640625)","(520.950439453125, 7236.82666015625)","(563.0, 7237.0)","(605.5, 7237.0)","(648.4095458984375, 7236.54296875)","(690.0, 7237.0)","(732.5869750976562, 7236.74365234375)","(774.8214111328125, 7236.8212890625)","(817.1310424804688, 7236.6748046875)","(859.059326171875, 7236.79248046875)","(901.5, 7236.5)","(943.77587890625, 7236.77587890625)","(986.0999755859375, 7236.5)","(1029.0, 7235.0)","(1071.0, 7236.0)","(1113.587646484375, 7236.1572265625)","(1156.0, 7236.26318359375)","(1198.0, 7236.0)","(1240.6632080078125, 7235.7451171875)","(1283.0, 7235.76904296875)","(1325.5909423828125, 7235.22705078125)","(1367.892822265625, 7234.89306640625)"
30,"(142.5, 7277.72216796875)","(184.692138671875, 7277.87548828125)","(226.7459716796875, 7277.92724609375)","(268.5, 7278.0)","(310.7272644042969, 7278.0)","(353.0, 7278.0)","(394.5, 7278.5)","(436.8571472167969, 7278.5)","(479.19232177734375, 7278.5)","(521.0, 7279.0)","(563.5, 7278.5)","(605.8086547851562, 7278.7470703125)","(648.2048950195312, 7278.53271484375)","(690.5232543945312, 7278.70947265625)","(733.1310424804688, 7278.6748046875)","(775.2647094726562, 7278.57861328125)","(817.5, 7278.5)","(859.5, 7278.5)","(901.6538696289062, 7278.5)","(943.8365478515625, 7278.6396484375)","(986.0, 7279.0)","(1028.6942138671875, 7278.169921875)","(1071.0, 7278.23095703125)","(1113.55322265625, 7278.134765625)","(1156.0, 7278.0)","(1198.0, 7278.0)","(1240.9705810546875, 7277.4609375)","(1283.2857666015625, 7277.28564453125)","(1325.7430419921875, 7277.12451171875)","(1367.951171875, 7276.8291015625)"
29,"(142.6896514892578, 7319.73291015625)","(184.88095092773438, 7319.73828125)","(226.89285278320312, 7319.89306640625)","(268.8928527832031, 7319.89306640625)","(310.7085266113281, 7320.177734375)","(352.74658203125, 7320.0615234375)","(395.0, 7320.23095703125)","(437.1666564941406, 7320.16650390625)","(479.5, 7320.5)","(521.5, 7320.5)","(563.5, 7320.5)","(605.9865112304688, 7320.44580078125)","(648.2048950195312, 7320.46728515625)","(690.7105102539062, 7320.5)","(733.2339477539062, 7320.3349609375)","(775.5, 7320.5)","(817.5999755859375, 7320.39990234375)","(859.5, 7320.5)","(902.0526123046875, 7320.583984375)","(944.215576171875, 7320.435546875)","(986.144287109375, 7320.6025390625)","(1028.5, 7320.5)","(1070.9310302734375, 7320.48291015625)","(1113.5, 7320.0)","(1155.810791015625, 7320.10791015625)","(1198.5, 7319.884765625)","(1240.9000244140625, 7319.5)","(1283.406982421875, 7319.220703125)","(1325.75634765625, 7319.05029296875)","(1368.02783203125, 7318.8056640625)"
28,"(143.0, 7361.5)","(185.0, 7361.3212890625)","(227.0, 7361.76904296875)","(268.9047546386719, 7361.76171875)","(310.8928527832031, 7361.89306640625)","(353.0, 7362.0)","(395.1428527832031, 7362.14306640625)","(437.26190185546875, 7362.119140625)","(479.5, 7362.5)","(521.5, 7362.5)","(564.0, 7362.5)","(606.5540771484375, 7362.24755859375)","(648.5, 7362.5)","(690.8333129882812, 7362.16650390625)","(733.3080444335938, 7362.1962890625)","(775.9117431640625, 7362.08837890625)","(818.0, 7362.0)","(859.5, 7362.5)","(902.0, 7362.5)","(944.0, 7362.5)","(986.2565307617188, 7362.4130859375)","(1028.72216796875, 7362.5)","(1071.0, 7362.23095703125)","(1113.360595703125, 7362.16357421875)","(1156.0, 7362.0)","(1198.4027099609375, 7361.9423828125)","(1240.7435302734375, 7361.5869140625)","(1283.1666259765625, 7361.16650390625)","(1325.74658203125, 7361.0615234375)","(1368.09521484375, 7360.76171875)"
27,"(143.1666717529297, 7403.0)","(185.10714721679688, 7403.10693359375)","(227.0923614501953, 7403.1240234375)","(269.0, 7403.5)","(311.0, 7403.72705078125)","(353.1242980957031, 7403.7431640625)","(395.5, 7403.5)","(437.6666564941406, 7404.0)","(479.8928527832031, 7403.89306640625)","(522.0, 7404.0)","(564.0923461914062, 7404.1240234375)","(606.2825927734375, 7404.10888671875)","(648.7352905273438, 7404.2646484375)","(691.1740112304688, 7404.27099609375)","(733.5, 7404.1923828125)","(775.5800170898438, 7404.10009765625)","(817.9000244140625, 7404.5)","(859.5, 7404.5)","(902.0, 7404.4443359375)","(944.0833129882812, 7404.29150390625)","(986.1666870117188, 7404.16650390625)","(1028.5, 7404.34619140625)","(1070.6981201171875, 7404.21240234375)","(1113.5, 7404.0)","(1156.0, 7404.0)","(1198.0, 7404.0)","(1240.752197265625, 7403.44580078125)","(1283.108154296875, 7403.18896484375)","(1325.769287109375, 7403.0)","(1367.823486328125, 7403.0)"
26,"(143.54385375976562, 7444.82470703125)","(185.5, 7445.0)","(227.5, 7445.0)","(269.2049255371094, 7445.53271484375)","(311.27777099609375, 7445.5)","(353.5, 7445.5)","(395.7029113769531, 7445.94921875)","(437.5, 7446.0)","(480.0, 7446.0)","(522.1071166992188, 7446.10693359375)","(564.5, 7446.0)","(606.810791015625, 7445.94580078125)","(648.9655151367188, 7446.01708984375)","(691.1071166992188, 7446.10693359375)","(733.6653442382812, 7445.8583984375)","(776.0, 7445.73681640625)","(818.1242065429688, 7446.09228515625)","(859.7222290039062, 7446.27783203125)","(902.168212890625, 7446.26953125)","(944.1486206054688, 7446.47314453125)","(986.2531127929688, 7446.19140625)","(1028.5, 7446.5)","(1070.5, 7446.5)","(1113.5, 7446.0)","(1155.8758544921875, 7445.90771484375)","(1198.193603515625, 7445.54833984375)","(1240.855712890625, 7445.3974609375)","(1283.29150390625, 7445.177734375)","(1325.75634765625, 7445.05029296875)","(1367.892822265625, 7444.89306640625)"
25,"(143.5, 7486.5)","(185.7142791748047, 7486.71435546875)","(227.5, 7486.85693359375)","(269.5, 7487.5)","(311.94366455078125, 7487.2958984375)","(354.0, 7487.25)","(396.0454406738281, 7487.27294921875)","(438.0, 7487.5)","(480.5, 7487.5)","(522.5, 7487.5)","(564.7325439453125, 7487.68603515625)","(607.10693359375, 7487.75439453125)","(649.0, 7488.0)","(691.6738891601562, 7487.5869140625)","(733.5519409179688, 7488.1103515625)","(775.73681640625, 7488.0)","(818.2307739257812, 7488.0)","(859.7446899414062, 7488.19140625)","(902.2894897460938, 7488.28955078125)","(944.46875, 7488.125)","(986.6666870117188, 7488.0)","(1029.0, 7488.0)","(1071.0924072265625, 7488.1240234375)","(1113.5439453125, 7487.8955078125)","(1155.823486328125, 7488.0)","(1198.1666259765625, 7487.83349609375)","(1240.855712890625, 7487.3974609375)","(1283.238037109375, 7487.09521484375)","(1325.5, 7487.0)","(1367.9000244140625, 7486.5)"
24,"(144.0, 7528.0)","(186.0, 7528.3212890625)","(228.16128540039062, 7528.37890625)","(270.0, 7528.76904296875)","(312.15789794921875, 7529.0)","(354.5, 7529.0)","(396.5, 7529.0)","(438.7272644042969, 7529.0)","(480.5, 7529.5)","(522.5, 7529.5)","(564.9285888671875, 7529.64306640625)","(607.1428833007812, 7529.5)","(649.5, 7529.5)","(691.6259765625, 7529.65771484375)","(734.2821044921875, 7529.42236328125)","(776.2467651367188, 7529.45263671875)","(818.2957763671875, 7529.94384765625)","(860.0, 7530.0)","(902.173583984375, 7530.0498046875)","(944.810791015625, 7529.94580078125)","(986.8928833007812, 7529.89306640625)","(1028.892822265625, 7529.89306640625)","(1071.5, 7529.5)","(1113.7686767578125, 7529.67919921875)","(1155.950439453125, 7529.82666015625)","(1198.0, 7530.0)","(1240.87548828125, 7529.3076171875)","(1283.0, 7529.23095703125)","(1325.5, 7528.8076171875)","(1368.014892578125, 7528.52001953125)"
23,"(144.64285278320312, 7569.64306640625)","(186.18919372558594, 7570.05419921875)","(228.1666717529297, 7570.16650390625)","(270.5, 7570.5)","(312.5, 7570.5)","(354.7916564941406, 7570.5625)","(396.92742919921875, 7570.74609375)","(439.0952453613281, 7570.76171875)","(480.9545593261719, 7571.04541015625)","(523.0454711914062, 7571.27294921875)","(565.1024169921875, 7571.138671875)","(607.384033203125, 7571.326171875)","(649.7352905273438, 7571.2646484375)","(691.9274291992188, 7571.74609375)","(734.2849731445312, 7571.37109375)","(776.0, 7571.5)","(818.6941528320312, 7571.169921875)","(860.0, 7572.0)","(902.3800048828125, 7571.75341796875)","(944.950439453125, 7571.82666015625)","(987.0999755859375, 7571.5)","(1029.124267578125, 7571.7431640625)","(1071.5, 7571.5)","(1114.0, 7571.27294921875)","(1156.0, 7571.5)","(1198.1573486328125, 7571.587890625)","(1240.5, 7571.5)","(1282.9459228515625, 7571.18896484375)","(1325.272705078125, 7571.0)","(1367.8333740234375, 7570.83349609375)"
22,"(144.82228088378906, 7611.29150390625)","(186.68605041503906, 7611.732421875)","(228.5, 7612.0)","(270.7459716796875, 7612.07275390625)","(312.76922607421875, 7612.0)","(355.0, 7612.0)","(397.0689697265625, 7612.2412109375)","(439.0, 7612.5)","(481.0169372558594, 7612.88134765625)","(523.0, 7613.0)","(565.3214111328125, 7613.0)","(608.09521484375, 7612.76171875)","(649.8928833007812, 7612.89306640625)","(692.0454711914062, 7612.95458984375)","(734.5555419921875, 7613.0)","(776.46875, 7613.125)","(818.5999755859375, 7613.39990234375)","(860.5, 7613.5)","(902.5, 7613.5)","(945.0, 7613.3212890625)","(987.0725708007812, 7613.25390625)","(1029.5, 7613.5)","(1071.5, 7613.5)","(1114.0, 7613.23095703125)","(1155.9615478515625, 7613.4228515625)","(1198.0, 7613.5)","(1240.1875, 7613.1875)","(1282.575439453125, 7613.2734375)","(1325.189208984375, 7612.94580078125)","(1367.9273681640625, 7612.74609375)"
21,"(145.1243133544922, 7652.7431640625)","(186.96153259277344, 7653.03857421875)","(228.5, 7653.5)","(270.74139404296875, 7653.7412109375)","(313.1428527832031, 7653.5)","(354.8125, 7654.1875)","(396.8757019042969, 7654.2568359375)","(439.0, 7654.5)","(481.0, 7654.5)","(522.9459228515625, 7654.81103515625)","(565.5232543945312, 7654.70947265625)","(607.8755493164062, 7654.6923828125)","(649.8571166992188, 7654.85693359375)","(692.1242065429688, 7655.09228515625)","(734.5744018554688, 7654.83056640625)","(776.5, 7654.85693359375)","(818.8214111328125, 7654.8212890625)","(860.810791015625, 7654.94580078125)","(902.7110595703125, 7655.298828125)","(945.0540771484375, 7655.18896484375)","(987.0, 7655.6787109375)","(1029.5, 7655.14697265625)","(1071.692138671875, 7655.12451171875)","(1114.0, 7655.0)","(1155.5482177734375, 7655.72509765625)","(1197.9285888671875, 7655.64306640625)","(1240.5, 7655.5)","(1282.769287109375, 7655.0)","(1325.0, 7655.0)","(1367.6666259765625, 7654.58349609375)"
20,"(145.0, 7694.5)","(186.89285278320312, 7694.89306640625)","(228.5, 7695.5)","(270.8557434082031, 7695.3974609375)","(313.0, 7695.5)","(354.73809814453125, 7695.880859375)","(397.1666564941406, 7695.83349609375)","(439.25689697265625, 7695.87548828125)","(481.1428527832031, 7696.14306640625)","(523.2705078125, 7696.123046875)","(565.5, 7696.5)","(607.68603515625, 7696.732421875)","(650.0, 7696.5)","(692.370361328125, 7696.47216796875)","(734.1712036132812, 7696.65087890625)","(776.5755004882812, 7696.7265625)","(818.8386840820312, 7696.62109375)","(860.5, 7697.0)","(903.0, 7697.0)","(944.8478393554688, 7697.19580078125)","(987.2307739257812, 7697.0)","(1029.5, 7697.0)","(1071.5, 7697.14306640625)","(1113.70849609375, 7697.177734375)","(1155.769287109375, 7697.0)","(1197.9000244140625, 7697.5)","(1240.09521484375, 7697.23828125)","(1282.5, 7697.0)","(1325.0, 7696.5)","(1367.5, 7696.5)"
19,"(145.1923065185547, 7736.5)","(186.8333282470703, 7736.83349609375)","(229.0, 7737.0)","(271.0, 7737.0)","(313.1666564941406, 7737.16650390625)","(355.0970153808594, 7737.2314453125)","(397.2049255371094, 7737.53271484375)","(439.15216064453125, 7737.80419921875)","(481.23809814453125, 7737.90478515625)","(523.5, 7738.0)","(565.6990356445312, 7738.1943359375)","(607.7431030273438, 7738.12451171875)","(650.0, 7738.5)","(692.0, 7738.72705078125)","(734.0, 7738.75)","(776.5, 7738.5)","(819.0, 7738.0)","(860.5446166992188, 7738.8212890625)","(902.6666870117188, 7739.0)","(945.0, 7739.0)","(986.8147583007812, 7739.1494140625)","(1029.2413330078125, 7738.93115234375)","(1071.2540283203125, 7739.07275390625)","(1113.727294921875, 7739.0)","(1155.4735107421875, 7739.37646484375)","(1197.875732421875, 7739.2568359375)","(1239.9000244140625, 7739.5)","(1282.5, 7739.0)","(1325.5555419921875, 7739.0)","(1367.227294921875, 7738.4091796875)"
18,"(145.42337036132812, 7777.71435546875)","(187.0, 7778.0)","(229.1923065185547, 7778.5)","(270.9504089355469, 7778.82666015625)","(313.26470947265625, 7778.7353515625)","(355.1666564941406, 7779.16650390625)","(397.0078430175781, 7779.337890625)","(439.3333435058594, 7779.41650390625)","(481.3461608886719, 7779.5)","(523.5, 7779.83349609375)","(565.5, 7780.0)","(607.5, 7780.0)","(650.0, 7780.0)","(692.0, 7780.25)","(734.3187255859375, 7780.27490234375)","(776.4130249023438, 7780.326171875)","(819.0, 7780.27294921875)","(861.5, 7780.5)","(902.406982421875, 7780.779296875)","(944.810791015625, 7780.94580078125)","(986.8756713867188, 7781.2568359375)","(1028.892822265625, 7780.89306640625)","(1071.1666259765625, 7781.16650390625)","(1113.5, 7781.0)","(1155.4166259765625, 7781.33349609375)","(1197.5, 7781.5)","(1240.0887451171875, 7781.1357421875)","(1282.5, 7781.0)","(1324.5, 7781.0)","(1367.0, 7780.72705078125)"
17,"(145.08091735839844, 7819.70751953125)","(187.1358642578125, 7819.85888671875)","(229.12420654296875, 7820.09228515625)","(271.19232177734375, 7820.5)","(313.5, 7820.5)","(355.26190185546875, 7820.880859375)","(397.1428527832031, 7821.14306640625)","(439.0882263183594, 7821.2646484375)","(481.5, 7821.5)","(523.4166870117188, 7821.66650390625)","(565.5, 7821.83349609375)","(607.7142944335938, 7821.71435546875)","(649.8928833007812, 7821.89306640625)","(691.7431030273438, 7822.12451171875)","(734.0, 7822.26318359375)","(776.3214111328125, 7822.0)","(819.0, 7822.23095703125)","(860.5, 7822.5)","(902.1842041015625, 7822.81591796875)","(944.5, 7823.0)","(986.8333129882812, 7822.83349609375)","(1029.0, 7823.0)","(1070.875732421875, 7823.2568359375)","(1113.230712890625, 7823.0)","(1155.5, 7823.0)","(1197.5, 7823.5)","(1239.8809814453125, 7823.26171875)","(1282.0, 7823.0)","(1324.2540283203125, 7822.92724609375)","(1366.625, 7822.875)"
16,"(144.5, 7861.5)","(186.5, 7861.5)","(229.0, 7862.0)","(270.7089538574219, 7862.20166015625)","(312.8387145996094, 7862.37890625)","(355.0, 7862.76904296875)","(396.8928527832031, 7863.10693359375)","(439.0, 7863.4443359375)","(481.1956481933594, 7863.15234375)","(523.2857055664062, 7863.28564453125)","(565.1923217773438, 7863.5)","(607.3214111328125, 7864.0)","(648.5, 7864.0)","(691.727294921875, 7864.0)","(733.8704833984375, 7864.20166015625)","(775.9383544921875, 7864.25341796875)","(818.0, 7864.5)","(860.0, 7864.5)","(901.5, 7865.1923828125)","(944.0, 7865.23095703125)","(986.5, 7865.14306640625)","(1028.810791015625, 7864.94580078125)","(1070.769287109375, 7865.0)","(1113.0, 7865.0)","(1155.1666259765625, 7865.16650390625)","(1197.4361572265625, 7865.2021484375)","(1239.5, 7865.0)","(1281.875732421875, 7865.2568359375)","(1324.2313232421875, 7865.09716796875)","(1366.70849609375, 7864.822265625)"
15,"(144.16094970703125, 7903.7060546875)","(186.57142639160156, 7903.5712890625)","(228.0, 7904.0)","(270.0809020996094, 7904.29248046875)","(312.0, 7905.0)","(354.1242980957031, 7904.7431640625)","(396.307861328125, 7904.87548828125)","(438.2826232910156, 7905.10888671875)","(480.8264465332031, 7904.9501953125)","(522.5, 7905.5)","(564.5, 7906.0)","(606.8571166992188, 7905.85693359375)","(649.0923461914062, 7906.1240234375)","(691.1666870117188, 7906.16650390625)","(733.0, 7906.5)","(775.3709716796875, 7906.28515625)","(818.0, 7906.5)","(859.5, 7906.8076171875)","(901.4729614257812, 7907.1484375)","(943.759765625, 7907.17529296875)","(986.0, 7907.27294921875)","(1028.0726318359375, 7907.25390625)","(1070.0726318359375, 7907.25390625)","(1112.5, 7907.5)","(1154.230712890625, 7908.0)","(1196.3214111328125, 7908.0)","(1238.7586669921875, 7907.93115234375)","(1281.124267578125, 7907.7431640625)","(1323.0, 7908.0)","(1366.0, 7907.72705078125)"
14,"(144.83050537109375, 7944.55908203125)","(187.0, 7944.7998046875)","(229.0, 7945.0)","(271.0, 7945.3212890625)","(312.9310302734375, 7945.7587890625)","(354.8999938964844, 7946.0)","(397.04840087890625, 7946.14501953125)","(438.8387145996094, 7946.37890625)","(481.0, 7946.6787109375)","(523.0, 7946.75)","(565.2647094726562, 7946.7353515625)","(607.1521606445312, 7947.19580078125)","(649.3461303710938, 7947.5)","(691.5, 7947.5)","(733.8809814453125, 7947.73828125)","(776.0, 7948.0)","(818.0, 7948.0)","(860.0, 7948.4443359375)","(902.0, 7948.5)","(944.1363525390625, 7948.681640625)","(986.2360229492188, 7948.74853515625)","(1028.5, 7948.5)","(1070.7459716796875, 7948.92724609375)","(1112.892822265625, 7948.89306640625)","(1155.0, 7949.0)","(1197.0, 7949.0)","(1239.2857666015625, 7949.28564453125)","(1281.727294921875, 7949.0)","(1324.124267578125, 7948.7431640625)","(1366.4560546875, 7948.8955078125)"
13,"(144.8333282470703, 7986.16650390625)","(186.85592651367188, 7986.525390625)","(228.9310302734375, 7986.7587890625)","(271.0, 7987.0)","(313.08721923828125, 7987.21044921875)","(355.0, 7987.75)","(396.8548278808594, 7987.95166015625)","(438.9634094238281, 7988.10986328125)","(481.09234619140625, 7988.1240234375)","(523.0, 7988.3212890625)","(565.1190185546875, 7988.73828125)","(607.1144409179688, 7988.77734375)","(649.5, 7988.85693359375)","(691.25, 7989.0)","(733.5, 7989.5)","(776.2750244140625, 7989.31884765625)","(818.2477416992188, 7989.55419921875)","(860.0, 7990.66650390625)","(901.5, 7990.72216796875)","(944.0, 7990.91650390625)","(986.0, 7990.91650390625)","(1027.5333251953125, 7991.466796875)","(1070.1842041015625, 7991.18408203125)","(1112.5, 7991.5556640625)","(1154.109130859375, 7991.4033203125)","(1196.5, 7991.55859375)","(1238.5501708984375, 7991.30322265625)","(1281.5, 7991.55859375)","(1323.5, 7991.5)","(1366.0, 7991.2060546875)"
