"(133.5000, 5726.7144), 10.8715","(175.6000, 5726.6001), 10.8407","(217.6000, 5726.6001), 10.8407","(259.4562, 5726.3359), 10.8580","(301.5000, 5726.2856), 10.8715","(343.4815, 5725.7222), 10.8515","(385.6000, 5725.6001), 10.8407","(427.6579, 5725.6577), 10.9218","(469.5608, 5725.2720), 10.8118","(511.3214, 5725.0000), 10.8939","(553.7778, 5724.7778), 10.8828","(595.7105, 5724.7104), 10.9044","(638.0000, 5724.5000), 10.9660","(680.1074, 5724.1743), 10.8261","(722.5000, 5724.1924), 10.8265","(764.5000, 5723.7632), 10.7504","(806.3358, 5723.5439), 10.8579","(848.5438, 5723.3359), 10.8579","(890.6786, 5723.1069), 10.9433","(932.6579, 5722.6577), 10.9218","(975.2719, 5722.5610), 10.8118","(1017.5000, 5722.6665), 10.8333","(1059.6000, 5722.3999), 10.8407","(1102.0000, 5722.0000), 10.8168","(1143.7142, 5721.5000), 10.8716","(1186.2858, 5721.5000), 10.8715","(1228.5000, 5721.2856), 10.8715","(1270.4562, 5720.6641), 10.8577","(1312.5438, 5720.3359), 10.8579","(1354.9574, 5720.2129), 10.9714"
"(133.8448, 5768.8447), 10.9725","(176.2222, 5768.7778), 10.8828","(218.2500, 5768.5000), 10.8542","(260.2857, 5768.5000), 10.8716","(302.0614, 5768.1143), 10.7566","(344.0000, 5768.0000), 10.8168","(386.0000, 5767.9688), 10.7995","(428.0000, 5767.5000), 10.7356","(469.9767, 5767.3486), 10.8801","(511.6818, 5767.2271), 10.6842","(553.9941, 5766.9707), 10.7956","(595.7500, 5766.5000), 10.8542","(638.5000, 5766.5000), 10.9773","(680.6000, 5766.3999), 10.8407","(722.7908, 5766.3896), 10.7380","(765.0000, 5766.0000), 10.8168","(806.8774, 5765.7168), 10.7660","(848.9360, 5765.3579), 10.9671","(891.0000, 5765.0000), 10.8168","(933.2635, 5764.9458), 10.9208","(975.5000, 5764.7144), 10.8715","(1017.8774, 5764.7168), 10.7660","(1060.2858, 5764.5000), 10.8715","(1102.5000, 5764.5000), 10.9773","(1144.3578, 5763.9360), 10.9671","(1186.6578, 5763.6577), 10.9219","(1228.9303, 5763.4424), 11.0117","(1271.0000, 5763.0000), 10.8168","(1313.3572, 5762.9287), 11.0773","(1355.5000, 5762.5000), 10.9773"
"(134.3421, 5810.6577), 10.9218","(176.5920, 5810.7681), 10.7937","(218.5000, 5810.5000), 10.7006","(260.5000, 5810.3335), 10.8333","(302.4288, 5810.2329), 10.7836","(344.1707, 5810.2197), 10.9081","(386.3429, 5809.7715), 10.8246","(428.4000, 5809.6001), 10.8408","(470.5000, 5809.6665), 10.8333","(512.3220, 5809.3306), 10.7418","(554.3485, 5809.0254), 10.8815","(596.4125, 5808.7251), 10.8282","(638.7143, 5808.5713), 10.8289","(680.8077, 5808.5000), 10.8265","(723.1846, 5808.3540), 10.7815","(765.5000, 5808.2500), 10.8542","(807.5000, 5808.0000), 10.9660","(849.2500, 5807.5000), 10.8542","(891.5000, 5807.5000), 10.9773","(933.8000, 5807.2002), 10.9126","(976.0000, 5807.0000), 10.8168","(1018.2000, 5806.7998), 10.9123","(1060.5000, 5806.5000), 10.9773","(1102.5875, 5806.2749), 10.8282","(1144.7208, 5805.8813), 10.9862","(1187.2106, 5806.0000), 10.9925","(1229.2858, 5805.5000), 10.8715","(1271.5000, 5805.2856), 10.8715","(1313.6422, 5805.0640), 10.9670","(1356.0690, 5804.7930), 11.0272"
"(134.3358, 5852.5439), 10.8579","(176.5000, 5852.5000), 10.7006","(218.5000, 5852.2856), 10.8715","(260.0000, 5852.0000), 10.8168","(302.3936, 5851.7979), 10.7380","(344.5000, 5852.0000), 10.7356","(386.4000, 5851.6001), 10.8408","(428.6642, 5851.5439), 10.8579","(470.6724, 5851.3276), 10.7420","(512.6724, 5851.3276), 10.7420","(554.5000, 5850.7500), 10.8542","(596.7000, 5850.7998), 10.8226","(639.1071, 5850.6787), 10.9436","(681.3358, 5850.5439), 10.8579","(723.6000, 5850.3999), 10.8407","(765.6780, 5850.3306), 10.7418","(807.6462, 5849.8154), 10.7814","(849.2857, 5849.5000), 10.8716","(891.6334, 5849.3667), 10.7953","(934.3235, 5849.3237), 10.7365","(976.5000, 5849.2500), 10.8542","(1019.0000, 5849.2104), 10.9925","(1060.7142, 5848.5000), 10.8716","(1103.2500, 5848.5000), 10.8542","(1145.0000, 5848.0000), 10.8168","(1187.5000, 5848.0000), 11.0115","(1229.6578, 5847.6577), 10.9219","(1272.0000, 5847.5312), 10.9874","(1314.5000, 5847.5000), 10.9773","(1356.7258, 5847.2744), 11.0173"
"(134.5000, 5894.5000), 10.9773","(176.1742, 5894.2197), 10.9062","(218.0000, 5894.0000), 10.8168","(260.0000, 5894.0000), 10.8168","(301.9884, 5893.6743), 10.8849","(343.7708, 5893.7637), 11.0759","(386.1071, 5893.3213), 10.9435","(428.1818, 5893.2954), 10.8349","(470.2830, 5893.1226), 10.7660","(512.0000, 5892.9688), 10.7995","(554.2719, 5892.5610), 10.8118","(596.3214, 5892.4521), 10.8476","(638.7178, 5892.3765), 10.7620","(681.2857, 5892.5000), 10.8716","(723.5000, 5892.2856), 10.8715","(765.7007, 5892.0620), 10.9421","(807.7843, 5891.9014), 10.9434","(849.5438, 5891.3359), 10.8579","(891.8000, 5891.2002), 10.9126","(934.0000, 5891.0000), 10.8168","(976.2000, 5890.7998), 10.9123","(1018.4000, 5890.6001), 10.8408","(1060.5000, 5890.2856), 10.8715","(1103.0476, 5890.2383), 10.9900","(1145.2263, 5890.0273), 10.9910","(1187.4000, 5889.6001), 10.8408","(1229.5000, 5889.5000), 10.9773","(1271.9579, 5889.4067), 10.9666","(1314.5000, 5889.5000), 10.9773","(1356.5000, 5888.5000), 10.9773"
"(135.0882, 5936.7354), 10.9849","(177.2500, 5936.5000), 10.8542","(218.5725, 5936.2280), 10.7802","(261.0000, 5936.0000), 10.8168","(303.0000, 5936.0000), 10.8168","(344.7843, 5935.9014), 10.9434","(387.2222, 5935.7778), 10.8828","(429.3421, 5935.6577), 10.9218","(471.4000, 5935.3999), 10.8408","(513.2000, 5935.2002), 10.9124","(555.4066, 5935.0420), 10.9665","(597.5609, 5934.7280), 10.8117","(639.8154, 5934.6460), 10.7813","(682.2541, 5934.8892), 10.9691","(724.5298, 5934.3882), 10.8958","(766.6642, 5934.4561), 10.8577","(808.6786, 5934.1069), 10.9433","(850.4524, 5933.6787), 10.8475","(892.5000, 5933.5000), 10.9773","(934.6791, 5933.3359), 10.7459","(977.0000, 5933.0000), 10.8168","(1019.1780, 5932.6865), 10.9836","(1061.5000, 5932.5000), 10.9773","(1103.5000, 5932.5000), 10.9773","(1145.6862, 5931.9014), 11.1330","(1187.7903, 5931.7905), 11.1076","(1230.0000, 5931.5000), 11.2362","(1272.3064, 5931.3066), 11.2420","(1314.4236, 5931.2324), 11.2473","(1356.9688, 5930.9688), 11.3580"
"(135.6023, 5978.9316), 10.9867","(177.6000, 5978.6001), 10.8407","(219.5000, 5978.5000), 10.7006","(261.5000, 5978.1875), 10.8242","(303.5000, 5978.1665), 10.8141","(345.5000, 5978.1665), 10.8141","(387.7843, 5977.9014), 10.9434","(430.0000, 5977.5000), 10.7356","(472.0000, 5977.5000), 10.7356","(513.8333, 5977.5000), 10.8142","(555.8860, 5977.0615), 10.7566","(598.2264, 5977.0273), 10.9909","(640.5000, 5977.1665), 10.8141","(682.6572, 5976.7715), 10.8246","(724.7714, 5976.6572), 10.8246","(766.9948, 5976.5317), 10.9838","(809.5000, 5976.5000), 10.9773","(851.0000, 5976.0000), 10.8168","(893.2000, 5975.7998), 10.9123","(935.3358, 5975.5439), 10.8579","(977.5000, 5975.2856), 10.8715","(1019.6786, 5975.1069), 10.9433","(1062.0000, 5975.0000), 10.8168","(1104.1072, 5974.6787), 10.9435","(1146.5000, 5974.5000), 10.9773","(1188.3008, 5974.0581), 10.9390","(1230.5000, 5973.5000), 10.9773","(1273.1765, 5973.8677), 10.9836","(1315.5000, 5973.5000), 10.9773","(1358.2858, 5973.5000), 10.8715"
"(136.1846, 6020.6460), 10.7812","(178.1667, 6020.5000), 10.8142","(219.8333, 6020.5000), 10.8142","(261.9748, 6020.3486), 10.8816","(304.0909, 6020.2729), 10.8961","(346.0000, 6020.0000), 10.8168","(388.0000, 6020.0000), 10.8168","(430.2615, 6019.6377), 10.7397","(472.2719, 6019.5610), 10.8118","(514.3358, 6019.5439), 10.8579","(556.0000, 6019.0000), 10.8168","(598.3831, 6019.1753), 10.7581","(640.6160, 6018.8242), 10.7584","(682.7778, 6018.7778), 10.8828","(725.0000, 6018.5386), 10.9818","(767.3358, 6018.5439), 10.8579","(809.5000, 6018.5000), 10.9773","(851.1504, 6018.0527), 10.7783","(893.3085, 6017.8726), 11.0063","(935.6579, 6017.6577), 10.9218","(977.6000, 6017.3999), 10.8407","(1020.1185, 6017.2793), 10.9864","(1062.3240, 6017.0845), 10.9307","(1104.5000, 6016.7144), 10.8716","(1146.7142, 6016.5000), 10.8716","(1188.8292, 6016.2197), 10.9081","(1231.0000, 6016.0000), 11.1804","(1273.5198, 6015.9189), 11.0480","(1316.1552, 6015.8447), 10.9724","(1358.5000, 6015.5000), 10.9773"
"(136.4392, 6062.7280), 10.8116","(178.5000, 6062.6665), 10.8333","(220.1939, 6062.4185), 10.7557","(262.3667, 6062.3667), 10.7952","(304.4288, 6062.2329), 10.7836","(346.1504, 6062.0527), 10.7783","(388.3214, 6062.1069), 10.9434","(430.6571, 6061.7715), 10.8246","(472.5244, 6061.6831), 10.8320","(514.5000, 6061.5000), 10.7006","(556.0000, 6061.0000), 10.8168","(598.5000, 6061.1665), 10.8141","(640.9500, 6061.0000), 10.7891","(682.7714, 6060.6572), 10.8246","(724.9231, 6060.2310), 11.0099","(767.3358, 6060.5439), 10.8579","(809.6000, 6060.3999), 10.8407","(851.5000, 6060.2856), 10.8715","(893.7692, 6060.0771), 11.0100","(935.7778, 6059.7778), 10.8828","(978.1923, 6059.5000), 10.8264","(1020.5438, 6059.3359), 10.8579","(1062.8000, 6059.2002), 10.9126","(1105.0000, 6059.0000), 10.8168","(1147.3533, 6058.8584), 11.0366","(1189.5438, 6058.6641), 10.8579","(1231.9303, 6058.4424), 11.0117","(1274.2542, 6058.1108), 10.9691","(1316.5834, 6058.0557), 10.9829","(1359.0000, 6058.0000), 10.8168"
"(136.8000, 6104.7998), 10.9126","(178.8077, 6104.5000), 10.8265","(220.7143, 6104.5000), 10.8716","(262.7714, 6104.3428), 10.8246","(304.7000, 6104.2002), 10.8226","(346.5816, 6104.1938), 10.7556","(388.8496, 6104.0527), 10.7783","(430.9946, 6103.9731), 10.7974","(472.6724, 6103.6724), 10.7420","(514.6000, 6103.3999), 10.8407","(556.4288, 6103.2329), 10.7836","(598.6744, 6103.0117), 10.8849","(641.0000, 6103.0000), 10.8168","(683.2105, 6103.0000), 10.9926","(725.4562, 6102.6641), 10.8577","(767.5000, 6102.5000), 10.9773","(809.6000, 6102.3999), 10.8407","(851.4167, 6101.9443), 10.9828","(894.0000, 6102.0000), 10.8168","(936.0000, 6101.6665), 10.8832","(978.5000, 6101.6665), 10.8333","(1020.7143, 6101.5000), 10.8716","(1063.2285, 6101.3428), 10.8246","(1105.5875, 6101.2749), 10.8282","(1148.0000, 6101.0000), 10.8168","(1189.8815, 6100.7207), 10.9861","(1232.3422, 6100.6577), 10.9218","(1274.7142, 6100.5000), 10.8716","(1317.0476, 6100.2383), 10.9900","(1359.3977, 6100.0684), 10.9867"
"(137.0000, 6146.5000), 10.7356","(179.0000, 6146.5000), 10.7356","(220.8333, 6146.5000), 10.8142","(262.8333, 6146.5000), 10.8142","(305.0000, 6146.1431), 10.7383","(346.9243, 6146.0303), 10.7708","(389.0000, 6146.0000), 10.8168","(431.0000, 6145.6333), 10.6177","(473.0000, 6145.6333), 10.6177","(514.6000, 6145.3999), 10.8407","(556.6724, 6145.3276), 10.7420","(598.8860, 6145.0615), 10.7566","(640.8496, 6145.0527), 10.7783","(683.5385, 6145.0000), 10.9818","(725.7931, 6145.0688), 11.0273","(767.9700, 6144.6802), 11.0683","(809.8333, 6144.5000), 10.8142","(851.5816, 6144.1938), 10.7557","(894.3239, 6144.0845), 10.9307","(936.5000, 6144.0000), 10.9660","(978.7778, 6143.7778), 10.8828","(1021.2750, 6143.5874), 10.8280","(1063.6786, 6143.5479), 10.8476","(1106.0253, 6143.3486), 10.8815","(1148.5000, 6143.2856), 10.8715","(1190.6666, 6143.1113), 10.9350","(1232.7843, 6142.9014), 10.9434","(1275.2500, 6142.5000), 10.8542","(1317.5000, 6142.5000), 10.9773","(1360.0570, 6142.4619), 11.0334"
"(137.2719, 6188.5610), 10.8118","(179.1939, 6188.4185), 10.7557","(221.1846, 6188.3540), 10.7815","(262.9471, 6188.1504), 10.7784","(305.4080, 6188.2319), 10.7936","(347.1429, 6188.0000), 10.7382","(389.5000, 6188.1665), 10.8141","(431.2143, 6187.7856), 10.6547","(473.0000, 6187.5000), 10.7356","(515.0000, 6187.5000), 10.7356","(557.0874, 6187.2427), 10.7577","(599.0000, 6187.0000), 10.8168","(641.4184, 6187.1938), 10.7556","(683.5000, 6187.2500), 10.8542","(726.0000, 6187.0000), 10.8168","(768.2541, 6186.8892), 10.9691","(810.2719, 6186.5610), 10.8118","(852.0361, 6186.2217), 10.8215","(894.5000, 6186.2856), 10.8715","(936.6786, 6186.0000), 10.8939","(979.3578, 6185.9360), 10.9671","(1021.6915, 6185.8726), 11.0063","(1064.2000, 6185.7998), 10.9123","(1106.6578, 6185.6577), 10.9219","(1148.8334, 6185.5000), 10.8142","(1191.1780, 6185.3135), 10.9836","(1233.2500, 6185.0000), 10.9574","(1275.5000, 6184.7144), 10.8716","(1317.9712, 6184.6729), 11.0641","(1360.5000, 6184.5000), 10.9773"
"(137.0000, 6230.5000), 10.7356","(179.1846, 6230.3540), 10.7815","(221.1846, 6230.3540), 10.7815","(263.0000, 6230.0000), 10.8168","(305.4288, 6230.2329), 10.7836","(347.1504, 6229.9473), 10.7783","(389.4939, 6229.7075), 10.8698","(431.5000, 6229.7632), 10.7504","(473.6724, 6229.6724), 10.7420","(515.3321, 6229.4775), 10.8210","(557.2551, 6229.4185), 10.7247","(599.4288, 6229.2329), 10.7836","(641.6822, 6229.2202), 10.6806","(684.0986, 6229.2158), 10.9435","(726.4571, 6229.0195), 10.9659","(768.5000, 6228.8569), 10.6697","(810.7459, 6228.8892), 10.9692","(852.7143, 6228.5000), 10.8716","(895.1667, 6228.5000), 10.8142","(937.3428, 6228.2285), 10.8246","(979.6422, 6228.0640), 10.9671","(1022.0000, 6228.0000), 10.8168","(1064.5430, 6227.9805), 10.9659","(1107.0000, 6228.0000), 10.8168","(1149.2719, 6227.5610), 10.8118","(1191.3667, 6227.3667), 10.7952","(1233.5000, 6227.2856), 10.8715","(1276.0000, 6227.0000), 10.8168","(1318.2419, 6226.7583), 10.9718","(1360.6578, 6226.6577), 10.9219"
"(137.3276, 6272.3276), 10.7419","(179.2021, 6272.3936), 10.7380","(221.3428, 6272.2285), 10.8246","(263.1743, 6272.2197), 10.9062","(305.4288, 6272.2329), 10.7836","(347.5000, 6272.1665), 10.8141","(389.6461, 6271.8154), 10.7814","(431.6376, 6271.7388), 10.7398","(473.7350, 6271.6797), 10.7046","(515.7669, 6271.5713), 10.7839","(557.7669, 6271.5713), 10.7839","(599.6780, 6271.3306), 10.7418","(642.1226, 6271.2832), 10.7662","(684.5438, 6271.3359), 10.8579","(726.8666, 6271.1333), 11.0017","(769.0000, 6271.0000), 10.8168","(811.4674, 6270.9780), 10.9723","(853.3358, 6270.5439), 10.8579","(895.3358, 6270.5439), 10.8579","(937.7143, 6270.5000), 10.8716","(980.1780, 6270.3135), 10.9836","(1022.5000, 6270.2856), 10.8715","(1065.0000, 6270.0000), 10.8168","(1107.3214, 6270.0000), 10.8939","(1149.5438, 6269.6641), 10.8579","(1191.7142, 6269.5000), 10.8716","(1234.0000, 6269.3213), 10.8938","(1276.0000, 6269.0000), 10.8168","(1318.6364, 6269.0000), 11.0226","(1361.1106, 6268.7461), 10.9694"
"(137.7143, 6314.5000), 10.8716","(179.4080, 6314.2319), 10.7936","(221.5000, 6314.2500), 10.7617","(263.4288, 6314.2329), 10.7836","(305.5000, 6314.1924), 10.8265","(347.6333, 6314.0000), 10.6177","(390.0000, 6314.0000), 10.8168","(432.0000, 6313.9688), 10.7995","(474.1250, 6313.8750), 10.6435","(516.0000, 6313.7500), 10.6801","(558.2719, 6313.5610), 10.8118","(600.1429, 6313.5000), 10.6698","(642.5000, 6313.5000), 10.7006","(685.0769, 6313.2310), 11.0097","(727.2895, 6313.2896), 10.9045","(769.4288, 6313.2329), 10.7836","(811.8666, 6313.1333), 11.0017","(853.4524, 6312.6787), 10.8475","(896.1185, 6312.7207), 10.9864","(938.3421, 6312.6577), 10.9218","(980.7143, 6312.5000), 10.8716","(1023.1111, 6312.3335), 10.9348","(1065.5000, 6312.2856), 10.8715","(1107.5000, 6312.2856), 10.8715","(1150.0000, 6312.0000), 10.8168","(1192.2500, 6311.5000), 10.8542","(1234.3422, 6311.6577), 10.9218","(1276.7250, 6311.4126), 10.8281","(1319.0000, 6311.2104), 10.9925","(1361.6786, 6311.1069), 10.9433"
"(138.0000, 6356.5000), 10.7356","(179.7143, 6356.5000), 10.8716","(222.0909, 6356.2729), 10.8961","(264.2615, 6356.3623), 10.7396","(306.2615, 6356.3623), 10.7396","(348.1582, 6356.0571), 10.7778","(390.1707, 6356.2197), 10.9081","(432.5000, 6356.2856), 10.8715","(474.9500, 6356.0000), 10.7891","(516.7045, 6355.8184), 10.8351","(558.9382, 6355.6909), 10.5962","(601.0000, 6355.6250), 10.6251","(643.4000, 6355.3999), 10.8408","(685.7143, 6355.5000), 10.8716","(728.0101, 6355.3320), 10.8889","(770.2615, 6355.3623), 10.7396","(812.5000, 6355.2856), 10.8715","(854.0000, 6355.0000), 10.8168","(896.5000, 6354.9707), 10.9929","(938.9471, 6354.8496), 10.7784","(981.4125, 6354.7251), 10.8282","(1023.7250, 6354.5874), 10.8281","(1066.2858, 6354.5000), 10.8715","(1108.4562, 6354.3359), 10.8580","(1150.6571, 6354.2285), 10.8247","(1193.0000, 6354.0000), 10.8168","(1235.0000, 6354.0000), 10.8168","(1277.6000, 6353.6001), 10.8407","(1320.1923, 6353.5000), 10.8265","(1362.5000, 6353.2856), 10.8715"
"(138.4562, 6398.3359), 10.8580","(180.4562, 6398.3359), 10.8580","(222.5875, 6398.2749), 10.8282","(264.4562, 6398.3359), 10.8580","(307.0000, 6398.0000), 10.8168","(348.4288, 6398.2329), 10.7836","(390.8418, 6398.0571), 10.7777","(432.7500, 6398.2500), 10.7530","(475.1429, 6398.0000), 10.7382","(516.9946, 6397.9731), 10.7974","(558.9382, 6397.6909), 10.5962","(601.3276, 6397.6724), 10.7419","(643.6724, 6397.6724), 10.7420","(686.2000, 6397.7998), 10.9123","(728.4562, 6397.6641), 10.8577","(770.5000, 6397.4414), 10.6651","(812.6780, 6397.3306), 10.7418","(854.6299, 6397.0127), 10.6267","(897.2105, 6397.0000), 10.9926","(939.5000, 6397.1665), 10.8141","(981.7000, 6396.7998), 10.8226","(1024.0116, 6396.6743), 10.8848","(1066.5000, 6396.6665), 10.8333","(1108.8077, 6396.5000), 10.8264","(1151.0000, 6396.3213), 10.8938","(1193.0000, 6396.0000), 10.8168","(1235.6686, 6395.9717), 10.8719","(1278.0000, 6396.0000), 10.8168","(1320.5438, 6395.6641), 10.8579","(1363.2500, 6395.5000), 10.8542"
"(138.6622, 6440.3242), 10.7441","(180.7336, 6440.3599), 10.7398","(222.6724, 6440.3276), 10.7420","(264.6780, 6440.3306), 10.7418","(306.6765, 6440.3237), 10.7365","(348.5000, 6440.0000), 10.5476","(390.8860, 6440.0615), 10.7566","(433.1504, 6440.0527), 10.7783","(475.4184, 6440.1938), 10.7556","(517.5000, 6439.8569), 10.6697","(559.6462, 6439.8154), 10.7814","(601.7350, 6439.6797), 10.7046","(643.9382, 6439.6909), 10.5962","(686.4562, 6439.6641), 10.8577","(728.7714, 6439.6572), 10.8246","(770.8333, 6439.5000), 10.8142","(813.0000, 6439.5000), 10.7356","(855.0000, 6439.2251), 10.9797","(897.2000, 6439.2002), 10.9124","(939.6678, 6439.0103), 10.8891","(982.0000, 6439.0000), 10.8168","(1024.5000, 6438.7500), 10.8542","(1066.9884, 6438.6743), 10.8849","(1109.2894, 6438.7104), 10.9044","(1151.5000, 6438.5000), 10.7006","(1193.5000, 6438.1924), 10.8265","(1236.1333, 6438.1333), 11.0018","(1278.6515, 6438.0254), 10.8816","(1321.0000, 6438.0000), 10.8168","(1363.6571, 6437.7715), 10.8247"
"(138.7500, 6482.5000), 10.8542","(180.7121, 6482.3218), 10.7172","(222.6791, 6482.3359), 10.7459","(264.6597, 6482.2451), 10.6768","(306.5000, 6482.2500), 10.7617","(348.6597, 6482.2451), 10.6768","(390.8889, 6482.1113), 10.7872","(433.1707, 6482.2197), 10.9081","(475.3667, 6482.0000), 10.6177","(517.5816, 6482.1938), 10.7557","(559.7291, 6481.7510), 10.6454","(601.9946, 6481.9731), 10.7974","(644.2143, 6481.7856), 10.6547","(686.5714, 6481.7144), 10.8291","(728.7805, 6481.8291), 10.9078","(771.0000, 6481.5000), 10.7356","(813.5000, 6481.5000), 10.7006","(855.2615, 6481.3623), 10.7396","(897.8815, 6481.2793), 10.9863","(940.0000, 6481.0000), 10.8168","(982.5000, 6481.1665), 10.8141","(1025.0000, 6481.0000), 10.8168","(1067.1504, 6481.0527), 10.7783","(1109.6578, 6480.6577), 10.9219","(1152.0000, 6480.5000), 10.9660","(1194.0193, 6480.4570), 10.9660","(1236.5000, 6480.2856), 10.8715","(1279.0000, 6480.0000), 10.8168","(1321.5000, 6480.2856), 10.8715","(1364.0000, 6480.0000), 10.8168"
"(138.9767, 6524.1162), 10.7332","(181.1964, 6524.2681), 10.7076","(222.6765, 6524.3237), 10.7365","(264.4288, 6524.2329), 10.7836","(306.5000, 6524.2368), 10.7504","(348.3667, 6524.0000), 10.6177","(390.8333, 6524.0000), 10.8334","(433.3178, 6524.2202), 10.6805","(475.5000, 6523.8569), 10.6697","(517.5909, 6523.9546), 10.6340","(559.6599, 6523.7539), 10.6772","(601.9346, 6523.6909), 10.5982","(644.2570, 6523.8823), 10.5774","(686.9500, 6524.0000), 10.7891","(729.1334, 6523.8667), 11.0017","(771.2222, 6523.7778), 10.8828","(813.7500, 6523.5000), 10.8542","(855.5000, 6523.5000), 10.7006","(897.9899, 6523.3320), 10.8888","(940.4288, 6523.2329), 10.7836","(983.0000, 6523.0000), 10.8168","(1025.1708, 6523.2197), 10.9080","(1067.5000, 6523.0000), 10.9660","(1110.0000, 6523.0000), 10.8168","(1152.5000, 6522.5000), 10.9773","(1194.6000, 6522.6001), 10.8407","(1237.2000, 6522.2998), 10.8227","(1279.3667, 6522.3667), 10.7952","(1322.0000, 6522.0000), 10.8168","(1364.5000, 6522.2500), 10.8542"
"(139.2615, 6566.3623), 10.7396","(181.0244, 6566.1221), 10.7291","(222.6765, 6566.3237), 10.7365","(264.6818, 6566.2271), 10.6842","(306.5816, 6566.1938), 10.7556","(348.4288, 6566.2329), 10.7836","(390.6818, 6566.2271), 10.6842","(433.2647, 6566.2451), 10.6465","(475.4288, 6566.2329), 10.7836","(517.6160, 6565.8242), 10.7584","(559.8496, 6566.0527), 10.7783","(602.0000, 6566.0000), 10.8168","(644.3538, 6565.8154), 10.7814","(686.7045, 6565.8184), 10.8351","(728.7105, 6565.7104), 10.9044","(771.7714, 6565.6572), 10.8246","(814.2552, 6565.7612), 10.9019","(856.0000, 6565.5000), 10.7356","(898.5000, 6565.5000), 10.9773","(940.6724, 6565.3276), 10.7420","(983.2615, 6565.3623), 10.7396","(1025.5000, 6565.2856), 10.8715","(1068.0000, 6565.0000), 10.8168","(1110.2084, 6564.9165), 10.7729","(1152.7000, 6564.7998), 10.8226","(1194.9579, 6564.5933), 10.9666","(1237.3320, 6564.4775), 10.8210","(1279.6000, 6564.3999), 10.8407","(1322.5000, 6564.2856), 10.8715","(1365.0000, 6564.0000), 10.8168"
"(139.4288, 6608.2329), 10.7836","(181.2615, 6608.3623), 10.7396","(223.1504, 6608.0527), 10.7783","(264.7565, 6608.1318), 10.5726","(306.7350, 6608.3203), 10.7047","(349.0000, 6608.0000), 10.8168","(391.2174, 6608.0435), 10.6611","(433.4288, 6608.2329), 10.7836","(475.6169, 6608.1753), 10.7582","(517.9390, 6607.9268), 10.7254","(560.0000, 6608.0000), 10.8168","(602.3538, 6607.8154), 10.7814","(644.6025, 6607.7476), 10.7121","(686.8154, 6607.6460), 10.7813","(728.6000, 6607.6001), 10.8407","(771.7143, 6607.5000), 10.8716","(814.3421, 6607.6577), 10.9218","(856.2857, 6607.5000), 10.8716","(898.3333, 6607.5000), 10.8334","(941.0000, 6607.3213), 10.8938","(983.4524, 6607.3213), 10.8473","(1025.8292, 6607.2197), 10.9081","(1068.3256, 6607.0117), 10.8848","(1110.6666, 6607.0000), 10.8833","(1153.0529, 6606.8496), 10.7784","(1195.3429, 6606.7715), 10.8246","(1237.7668, 6606.5713), 10.7839","(1280.3125, 6606.5000), 10.8155","(1322.7500, 6606.5000), 10.8542","(1365.4392, 6606.2720), 10.8118"
"(139.5000, 6650.2856), 10.8715","(182.0000, 6650.0000), 10.8168","(223.4000, 6650.3999), 10.8408","(265.0667, 6650.0669), 10.7242","(307.4288, 6650.2329), 10.7836","(349.5000, 6650.0000), 10.7356","(392.0000, 6650.0000), 10.8168","(434.1282, 6650.0127), 10.7353","(476.0000, 6650.0000), 10.8168","(517.8889, 6650.1113), 10.7872","(560.1707, 6650.2197), 10.9081","(602.6512, 6650.0234), 10.8804","(645.0000, 6650.0000), 10.8168","(687.0000, 6650.0000), 10.8168","(729.3200, 6649.9702), 11.0684","(772.0763, 6649.7710), 11.0111","(814.6579, 6649.6577), 10.9218","(856.5000, 6649.3335), 10.8333","(898.7143, 6649.5000), 10.8716","(941.3214, 6649.4521), 10.8476","(983.7143, 6649.5000), 10.8716","(1026.0000, 6649.3213), 10.8938","(1068.5000, 6649.2856), 10.8715","(1111.0000, 6649.0000), 10.8168","(1153.0000, 6649.0000), 10.8168","(1195.6694, 6648.6777), 10.7416","(1238.0000, 6649.0000), 10.8168","(1280.6333, 6648.6333), 10.7953","(1323.3667, 6648.3667), 10.7952","(1365.7350, 6648.3203), 10.7047"
"(140.1429, 6692.0000), 10.7382","(182.1429, 6692.0000), 10.7382","(223.7350, 6692.3203), 10.7047","(266.0000, 6692.0000), 10.8168","(308.0000, 6692.0000), 10.8168","(350.0610, 6692.0732), 10.7254","(392.3090, 6692.0620), 10.5964","(434.5000, 6692.1924), 10.8265","(476.8819, 6691.9922), 10.7143","(519.0000, 6692.0000), 10.8168","(561.3831, 6691.8247), 10.7581","(603.3666, 6692.0000), 10.6178","(645.3666, 6692.0000), 10.6178","(687.5000, 6692.0000), 10.9660","(730.0000, 6692.0000), 10.8168","(772.6422, 6691.9360), 10.9671","(815.2320, 6691.5918), 10.7935","(856.6724, 6691.6724), 10.7420","(899.2500, 6691.5000), 10.8542","(941.6642, 6691.5439), 10.8579","(984.1923, 6691.5000), 10.8264","(1026.6724, 6691.3276), 10.7420","(1069.0000, 6691.0000), 10.8168","(1111.4288, 6691.2329), 10.7836","(1153.5000, 6691.1924), 10.8265","(1195.9767, 6690.8838), 10.7333","(1238.5476, 6690.6787), 10.8474","(1281.2332, 6690.4287), 10.7838","(1323.5000, 6690.5000), 10.7006","(1366.2142, 6690.2144), 10.6548"
"(140.8860, 6733.9385), 10.7564","(182.8889, 6734.1113), 10.7872","(224.5000, 6734.2368), 10.7504","(266.4288, 6734.2329), 10.7836","(308.4288, 6734.2329), 10.7836","(350.6169, 6734.1753), 10.7582","(393.0000, 6734.0000), 10.8168","(435.1538, 6734.0000), 10.7322","(477.3667, 6734.0000), 10.6177","(519.4288, 6734.2329), 10.7836","(561.5000, 6734.1665), 10.8141","(603.5816, 6734.1938), 10.7557","(645.5816, 6734.1938), 10.7557","(687.7632, 6734.2368), 11.0790","(730.5476, 6733.6787), 10.8474","(773.0000, 6734.0000), 10.8168","(815.3235, 6733.6763), 10.7365","(857.4286, 6733.7144), 10.8291","(899.6000, 6733.6001), 10.8407","(942.0000, 6733.5000), 10.7356","(984.5000, 6733.5000), 10.9773","(1026.8077, 6733.5000), 10.8264","(1069.3667, 6733.3667), 10.7952","(1111.6169, 6733.1753), 10.7581","(1154.0000, 6733.0000), 10.8168","(1196.1428, 6733.0000), 10.7382","(1238.6694, 6732.6777), 10.7416","(1281.4125, 6732.7251), 10.8282","(1323.8334, 6732.5000), 10.8142","(1366.5000, 6732.3750), 10.6251"
"(141.0000, 6776.0000), 10.8168","(183.2830, 6775.8774), 10.7660","(225.0000, 6776.1177), 10.7191","(266.8824, 6776.0000), 10.7191","(309.0000, 6776.0000), 10.8168","(351.1897, 6776.1895), 10.5540","(393.2830, 6775.8774), 10.7660","(435.6765, 6776.3237), 10.7365","(477.7321, 6776.1963), 10.7073","(520.0079, 6776.1182), 10.7143","(562.1549, 6776.1270), 10.6257","(604.2435, 6776.1318), 10.5726","(646.3666, 6776.0000), 10.6178","(688.5000, 6776.1665), 10.8141","(731.0000, 6776.0000), 10.8168","(773.5000, 6776.0000), 10.9660","(815.6695, 6775.6777), 10.7415","(857.6724, 6775.6724), 10.7420","(899.8333, 6775.5000), 10.8142","(942.5000, 6775.5000), 10.9773","(984.8333, 6775.5000), 10.8142","(1027.3320, 6775.4775), 10.8210","(1069.7778, 6775.2222), 10.8827","(1112.0614, 6775.1143), 10.7566","(1154.3090, 6775.0620), 10.5964","(1196.5000, 6775.0000), 10.7356","(1239.0000, 6774.8569), 10.7381","(1281.6724, 6774.6724), 10.7420","(1324.3276, 6774.3276), 10.7419","(1366.6765, 6774.3237), 10.7365"
"(141.4080, 6817.7681), 10.7937","(183.0000, 6818.0000), 10.8168","(225.1538, 6818.0000), 10.7322","(267.3667, 6818.0000), 10.6177","(309.5000, 6818.1665), 10.8141","(351.9500, 6818.0000), 10.7891","(393.5816, 6818.1938), 10.7556","(436.1429, 6818.0000), 10.7382","(478.3667, 6818.0000), 10.6177","(520.3666, 6818.0000), 10.6178","(562.3666, 6818.0000), 10.6178","(604.3794, 6817.9863), 10.6225","(646.6169, 6818.1753), 10.7582","(689.0312, 6818.0000), 10.7995","(731.3666, 6818.0000), 10.6178","(774.0000, 6817.9688), 10.7995","(816.0000, 6817.8569), 10.7381","(858.0000, 6817.8569), 10.7381","(900.5000, 6817.5000), 10.9773","(942.6334, 6817.6333), 10.7953","(985.3171, 6817.5244), 10.8319","(1027.5000, 6817.5000), 10.7006","(1069.7142, 6817.5000), 10.8716","(1112.3182, 6817.2271), 10.6842","(1155.0000, 6817.0000), 10.8168","(1197.0000, 6817.0000), 10.8168","(1239.5000, 6816.7632), 10.7504","(1281.7668, 6816.5713), 10.7839","(1324.5000, 6816.5000), 10.7006","(1367.1320, 6816.2437), 10.5726"
"(141.6333, 6859.6333), 10.7953","(183.6025, 6859.7476), 10.7121","(225.5000, 6859.8569), 10.6697","(267.5000, 6859.7632), 10.7504","(309.7430, 6859.8823), 10.5775","(351.6593, 6859.9028), 10.5493","(393.9767, 6859.8838), 10.7333","(436.3301, 6859.8628), 10.5214","(478.3667, 6860.0000), 10.6177","(520.5000, 6860.0000), 10.7356","(562.7353, 6859.7549), 10.6465","(604.9333, 6859.9331), 10.7245","(647.1429, 6860.0000), 10.7382","(689.5609, 6859.7280), 10.8117","(731.5000, 6860.0000), 10.7356","(774.4317, 6859.6182), 10.9781","(816.3428, 6859.7715), 10.8247","(858.3203, 6859.7349), 10.7048","(900.6000, 6859.6001), 10.8407","(943.2500, 6859.5000), 10.8542","(985.5000, 6859.6665), 10.8333","(1027.8077, 6859.5000), 10.8264","(1070.3287, 6859.4165), 10.7872","(1112.6765, 6859.3237), 10.7365","(1155.0667, 6859.0669), 10.7242","(1197.1428, 6859.0000), 10.7382","(1239.7858, 6858.7856), 10.6546","(1282.0000, 6859.0000), 10.8168","(1324.6250, 6858.5000), 10.6251","(1367.2646, 6858.2451), 10.6466"
"(142.0000, 6901.5000), 10.7356","(184.0000, 6901.5000), 10.7356","(226.0000, 6901.5000), 10.7356","(267.8825, 6901.7432), 10.5776","(309.9382, 6901.6909), 10.5962","(351.8825, 6901.7432), 10.5776","(393.8680, 6901.7563), 10.5726","(436.1538, 6902.0000), 10.7322","(478.5520, 6901.9683), 10.5478","(520.3666, 6902.0000), 10.6178","(562.5000, 6902.0000), 10.7356","(604.9386, 6901.8857), 10.7564","(647.2830, 6901.8774), 10.7660","(689.4518, 6901.7295), 10.8038","(731.5816, 6902.1938), 10.7557","(773.9767, 6901.8838), 10.7333","(816.6724, 6901.6724), 10.7420","(858.5224, 6901.6680), 10.8211","(900.9579, 6901.5933), 10.9665","(943.2286, 6901.6572), 10.8246","(985.6334, 6901.6333), 10.7953","(1028.3276, 6901.3276), 10.7419","(1070.5000, 6901.5000), 10.7006","(1113.0000, 6901.0000), 10.8168","(1155.3090, 6901.0620), 10.5964","(1197.5000, 6901.0000), 10.7356","(1240.1227, 6900.7168), 10.7661","(1282.5083, 6900.5620), 10.6564","(1325.0696, 6900.3481), 10.5688","(1367.5000, 6900.3750), 10.6251"
"(141.8333, 6943.5000), 10.8142","(184.0000, 6943.5000), 10.7356","(226.1429, 6943.5000), 10.6698","(267.9382, 6943.6909), 10.5962","(310.0000, 6943.6943), 10.5638","(351.8913, 6943.7607), 10.5575","(394.0000, 6944.0000), 10.8168","(436.2143, 6943.7856), 10.6547","(478.3794, 6943.9863), 10.6225","(520.3666, 6944.0000), 10.6178","(562.6597, 6943.7549), 10.6770","(604.9333, 6943.9331), 10.7245","(647.1250, 6943.8750), 10.6435","(689.3000, 6943.7998), 10.8227","(731.6678, 6944.0103), 10.8891","(773.9767, 6943.8838), 10.7333","(816.6351, 6943.6855), 10.7681","(858.5920, 6943.7681), 10.7937","(901.0000, 6943.8462), 10.7322","(943.4125, 6943.7251), 10.8282","(985.7669, 6943.5713), 10.7839","(1028.4125, 6943.2749), 10.8280","(1070.7350, 6943.3203), 10.7047","(1113.0269, 6943.0054), 10.7974","(1155.6333, 6943.0000), 10.6178","(1197.7549, 6942.7354), 10.6466","(1240.5000, 6942.5000), 10.7006","(1282.6694, 6942.6777), 10.7416","(1325.0973, 6942.3408), 10.5494","(1367.5000, 6942.3750), 10.6251"
"(142.2647, 6985.2451), 10.6465","(184.1429, 6985.5000), 10.6698","(226.1429, 6985.5000), 10.6698","(267.9893, 6985.6274), 10.6280","(310.1923, 6985.5771), 10.5786","(352.0000, 6985.6333), 10.6177","(394.0000, 6985.6333), 10.6177","(436.2650, 6985.6797), 10.7047","(478.3794, 6985.9863), 10.6225","(520.5000, 6985.7632), 10.7504","(562.3666, 6986.0000), 10.6178","(604.9767, 6985.8838), 10.7333","(646.9390, 6985.9268), 10.7254","(689.5000, 6985.7500), 10.7617","(731.6376, 6985.7388), 10.7398","(774.2650, 6985.6797), 10.7047","(816.7250, 6985.5874), 10.8281","(858.6724, 6985.6724), 10.7420","(901.2286, 6985.6572), 10.8246","(943.5000, 6985.5000), 10.7006","(986.0000, 6985.5000), 10.7356","(1028.5875, 6985.2749), 10.8282","(1071.0233, 6985.1162), 10.7332","(1113.3090, 6985.0620), 10.5964","(1155.5000, 6984.8569), 10.6697","(1197.7858, 6984.7856), 10.6546","(1240.5000, 6984.5000), 10.7006","(1282.9382, 6984.6909), 10.5962","(1325.2646, 6984.2451), 10.6466","(1367.6748, 6984.1309), 10.5200"
"(142.4288, 7027.2329), 10.7836","(184.2615, 7027.3623), 10.7396","(226.3980, 7027.3774), 10.6663","(268.0000, 7027.5000), 10.7356","(310.1429, 7027.5000), 10.6698","(352.0122, 7027.6221), 10.6219","(394.0000, 7027.6943), 10.5638","(435.8632, 7027.7778), 10.5561","(477.9767, 7027.8838), 10.7333","(520.1539, 7028.0000), 10.7322","(562.3794, 7027.9863), 10.6225","(604.8824, 7027.7432), 10.5776","(647.0000, 7028.0000), 10.8168","(689.6000, 7027.6001), 10.8407","(731.7667, 7027.7666), 10.6134","(774.2650, 7027.6797), 10.7047","(816.7680, 7027.5918), 10.7935","(858.7908, 7027.6104), 10.7380","(901.1846, 7027.6460), 10.7812","(943.7714, 7027.3428), 10.8246","(986.0000, 7027.5000), 10.7356","(1028.4000, 7027.3999), 10.8408","(1070.8247, 7027.3833), 10.7580","(1113.3220, 7027.3306), 10.7418","(1155.5000, 7027.2368), 10.7504","(1198.0000, 7026.9502), 10.7890","(1240.5150, 7026.6128), 10.6204","(1283.0000, 7026.3667), 10.6177","(1325.4850, 7026.3872), 10.6204","(1367.7812, 7026.0000), 10.4875"
"(142.3700, 7069.0127), 10.6267","(184.5000, 7069.2368), 10.7504","(226.3276, 7069.3276), 10.7419","(268.4850, 7069.3872), 10.6204","(310.5000, 7069.5000), 10.7006","(352.3182, 7069.5000), 10.5911","(393.9382, 7069.6909), 10.5962","(436.5000, 7069.5000), 10.7006","(478.3831, 7069.8247), 10.7581","(520.3666, 7070.0000), 10.6178","(562.5520, 7069.9683), 10.5478","(604.9390, 7069.9268), 10.7254","(647.0000, 7070.0000), 10.8168","(689.3831, 7069.8247), 10.7581","(731.7490, 7069.7695), 10.6276","(774.0000, 7070.0000), 10.8168","(816.6695, 7069.6777), 10.7415","(859.0000, 7069.5000), 10.7356","(901.5000, 7069.5000), 10.9773","(943.6334, 7069.6333), 10.7953","(986.3276, 7069.3276), 10.7419","(1028.5000, 7069.5000), 10.7006","(1070.7350, 7069.3203), 10.7047","(1113.3276, 7069.3276), 10.7419","(1155.9333, 7068.9331), 10.7245","(1198.5000, 7068.5000), 10.7006","(1240.6724, 7068.6724), 10.7420","(1283.0526, 7068.5840), 10.6367","(1325.6945, 7068.0000), 10.5639","(1368.0000, 7068.0000), 10.2957"
"(142.7727, 7110.6816), 10.6842","(184.5000, 7111.2368), 10.7504","(226.5000, 7111.2368), 10.7504","(268.4850, 7111.3872), 10.6204","(310.5000, 7111.5000), 10.7006","(352.3750, 7111.6250), 10.6786","(394.5000, 7111.5000), 10.7006","(436.1311, 7111.6748), 10.5199","(478.5000, 7111.6250), 10.6251","(520.3666, 7112.0000), 10.6178","(562.8104, 7111.8105), 10.5538","(604.8913, 7111.7607), 10.5575","(647.0312, 7112.0000), 10.7995","(689.5816, 7111.8062), 10.7557","(732.1226, 7111.7168), 10.7662","(774.3831, 7111.8247), 10.7581","(816.6724, 7111.6724), 10.7420","(859.1429, 7111.8569), 10.8583","(901.2222, 7111.7778), 10.8828","(944.0000, 7111.5000), 10.7356","(986.4000, 7111.3999), 10.8408","(1028.5000, 7111.5000), 10.7006","(1071.1897, 7111.1895), 10.5540","(1113.6910, 7110.9380), 10.5964","(1155.8824, 7110.7432), 10.5776","(1198.5000, 7110.5000), 10.7006","(1240.8824, 7110.7432), 10.5776","(1283.1428, 7110.5000), 10.6698","(1325.6957, 7110.0869), 10.5219","(1368.0593, 7109.7925), 10.4496"
"(143.0000, 7152.5000), 10.7356","(184.7565, 7152.8682), 10.5726","(226.5000, 7153.2368), 10.7504","(268.2615, 7153.3623), 10.7396","(310.4917, 7153.4380), 10.6564","(352.3675, 7153.4697), 10.5963","(394.2143, 7153.7856), 10.6547","(436.6724, 7153.6724), 10.7420","(478.3481, 7153.9302), 10.5685","(520.8104, 7153.8105), 10.5538","(562.9767, 7153.8838), 10.7333","(605.3235, 7153.6763), 10.7365","(647.6915, 7153.8828), 10.5502","(689.5683, 7154.3818), 10.9783","(732.0000, 7154.0000), 10.8168","(774.2650, 7153.6797), 10.7047","(816.6695, 7153.6777), 10.7415","(858.9382, 7153.6909), 10.5962","(901.5000, 7153.5000), 10.7006","(944.0000, 7153.5000), 10.7356","(986.2704, 7153.5483), 10.8040","(1028.6250, 7153.5000), 10.6251","(1071.2239, 7153.1528), 10.5657","(1113.5000, 7153.0000), 10.7356","(1156.0000, 7153.0000), 10.8168","(1198.2830, 7152.8774), 10.7660","(1241.0000, 7152.6333), 10.6177","(1283.0122, 7152.6221), 10.6219","(1325.8103, 7151.8105), 10.5538","(1367.8793, 7151.8794), 10.4599"
"(143.0000, 7194.5000), 10.7356","(185.0000, 7194.8462), 10.7322","(226.5773, 7195.1963), 10.7555","(268.4392, 7195.2720), 10.8118","(310.2615, 7195.3623), 10.7396","(352.0000, 7195.5000), 10.7356","(394.1429, 7195.5000), 10.6698","(436.5690, 7195.5688), 10.6040","(479.0000, 7195.5000), 10.7356","(521.0000, 7195.5000), 10.7356","(563.3158, 7195.7236), 10.6386","(605.6724, 7195.6724), 10.7420","(648.0000, 7195.5000), 10.7356","(689.9946, 7195.9731), 10.7974","(732.5000, 7195.5000), 10.7006","(774.6724, 7195.6724), 10.7420","(817.0000, 7195.8569), 10.7381","(859.5000, 7195.5000), 10.7006","(901.5690, 7195.5688), 10.6040","(944.0000, 7195.5000), 10.7356","(986.4667, 7195.4668), 10.6537","(1028.8247, 7195.3833), 10.7580","(1071.3090, 7195.0620), 10.5964","(1113.9333, 7194.9331), 10.7245","(1156.1227, 7194.7168), 10.7661","(1198.5000, 7194.6816), 10.5910","(1241.0000, 7194.5000), 10.5476","(1283.4331, 7194.4292), 10.6044","(1325.7368, 7194.0000), 10.5266","(1368.3301, 7193.8628), 10.5214"
"(143.0000, 7236.5000), 10.7356","(185.0000, 7236.5000), 10.7356","(226.9390, 7236.9268), 10.7254","(268.6593, 7236.9028), 10.5493","(310.8103, 7236.8105), 10.5538","(352.2615, 7237.3623), 10.7396","(394.5000, 7237.5000), 10.7006","(437.0000, 7237.5000), 10.7356","(479.1429, 7237.5000), 10.6698","(521.2704, 7237.5483), 10.8040","(564.1176, 7237.2568), 10.5775","(606.0000, 7237.5000), 10.7356","(648.1302, 7237.7085), 10.7678","(690.5000, 7237.5000), 10.7006","(733.0000, 7237.5000), 10.9660","(775.4000, 7237.3999), 10.8408","(817.7143, 7237.5000), 10.8716","(859.8062, 7237.4185), 10.7557","(902.0000, 7237.5000), 10.9660","(944.3276, 7237.3276), 10.7419","(986.5000, 7237.5000), 10.7006","(1029.0667, 7237.0669), 10.7242","(1071.5000, 7237.0000), 10.7356","(1113.9333, 7236.9331), 10.7245","(1156.5000, 7236.5000), 10.7006","(1198.6128, 7236.5151), 10.6205","(1241.1897, 7236.1895), 10.5540","(1283.4331, 7236.4292), 10.6044","(1325.8793, 7235.8794), 10.4599","(1368.3158, 7235.7236), 10.6386"
"(143.2435, 7278.1318), 10.5726","(185.0000, 7278.5000), 10.7356","(227.0000, 7278.5000), 10.7356","(269.2811, 7278.6675), 10.7040","(310.9390, 7278.9268), 10.7254","(353.0000, 7279.0000), 10.8168","(395.1897, 7279.1895), 10.5540","(437.0000, 7279.5000), 10.7356","(479.3276, 7279.3276), 10.7419","(521.6765, 7279.3237), 10.7366","(564.1896, 7279.1895), 10.5541","(606.5000, 7279.0000), 10.5476","(648.5000, 7279.5000), 10.7006","(691.1896, 7279.1895), 10.5541","(733.3666, 7279.3667), 10.7953","(776.0000, 7279.0000), 10.8168","(818.0667, 7279.0669), 10.7242","(859.5000, 7279.5000), 10.9773","(901.7500, 7279.5000), 10.8542","(944.3276, 7279.3276), 10.7419","(986.5667, 7279.4331), 10.7132","(1029.2142, 7278.7856), 10.6548","(1071.3090, 7279.0620), 10.5964","(1113.8103, 7278.8105), 10.5538","(1156.3481, 7278.9302), 10.5685","(1198.6128, 7278.5151), 10.6205","(1241.2894, 7278.2896), 10.4157","(1283.8103, 7277.8105), 10.5538","(1326.0000, 7278.0000), 10.6302","(1368.3800, 7277.7534), 10.5157"
"(143.3667, 7320.0000), 10.6177","(185.4000, 7320.3999), 10.8408","(227.5000, 7320.5000), 10.7006","(269.5000, 7320.5000), 10.7006","(311.3429, 7320.7715), 10.8246","(353.3831, 7320.8247), 10.7581","(395.3667, 7321.0000), 10.6177","(437.9333, 7320.9331), 10.7245","(479.9390, 7320.9268), 10.7254","(521.7350, 7321.3203), 10.7047","(564.1896, 7321.1895), 10.5541","(606.5842, 7321.0527), 10.6365","(648.7350, 7321.3203), 10.7047","(691.2435, 7321.1318), 10.5726","(734.0000, 7321.0000), 10.8168","(776.0000, 7321.0000), 10.8168","(818.5000, 7320.8335), 10.8141","(859.7797, 7321.3179), 10.6807","(902.3220, 7321.3306), 10.7418","(944.2615, 7321.3623), 10.7396","(986.6797, 7321.2651), 10.7047","(1029.1207, 7321.1206), 10.4600","(1071.3667, 7321.0000), 10.6177","(1113.8680, 7320.7563), 10.5726","(1156.5690, 7320.5688), 10.6040","(1198.8773, 7320.2832), 10.7660","(1241.1897, 7320.1895), 10.5540","(1283.7430, 7319.8823), 10.5775","(1326.2467, 7319.6201), 10.5156","(1368.5000, 7319.5000), 10.5120"
"(143.6724, 7361.6724), 10.7420","(185.4623, 7362.2017), 10.7978","(227.2615, 7362.3623), 10.7396","(269.2093, 7362.3896), 10.7380","(311.5000, 7362.5000), 10.7006","(353.5690, 7362.5688), 10.6040","(396.0000, 7362.5000), 10.7356","(437.9241, 7362.7407), 10.5592","(480.3831, 7362.8247), 10.7581","(522.6724, 7362.6724), 10.7420","(564.3666, 7363.0000), 10.6178","(606.8104, 7362.8105), 10.5538","(648.7857, 7363.2144), 10.6547","(691.2435, 7363.1318), 10.5726","(733.9333, 7362.9331), 10.7245","(776.0000, 7363.0000), 10.8168","(818.5000, 7362.7632), 10.7504","(860.1207, 7363.1206), 10.4600","(902.1896, 7363.1895), 10.5541","(944.6910, 7362.9380), 10.5964","(986.8107, 7363.1733), 10.6616","(1029.0667, 7363.0669), 10.7242","(1071.3667, 7363.0000), 10.6177","(1113.8824, 7362.7432), 10.5776","(1156.5000, 7362.5000), 10.7006","(1198.9304, 7362.3481), 10.5687","(1241.2570, 7362.1177), 10.5775","(1283.8103, 7361.8105), 10.5538","(1326.1311, 7361.6748), 10.5199","(1368.4656, 7361.4653), 10.5580"
"(144.0000, 7403.5000), 10.7356","(185.6724, 7403.6724), 10.7420","(227.4392, 7404.2720), 10.8118","(269.4850, 7404.3872), 10.6204","(311.6765, 7404.3237), 10.7366","(353.5714, 7404.5000), 10.6573","(396.0000, 7404.5000), 10.7356","(437.9767, 7404.8838), 10.7333","(480.4667, 7404.4668), 10.6537","(522.5000, 7404.5000), 10.7006","(564.5000, 7405.0000), 10.7356","(606.8824, 7404.7432), 10.5776","(649.5000, 7404.5000), 10.7006","(691.6724, 7404.6724), 10.7420","(734.1923, 7404.5000), 10.8264","(776.1429, 7404.8569), 10.8583","(818.0000, 7405.0000), 10.8168","(860.6724, 7404.6724), 10.7420","(902.6238, 7404.7178), 10.7619","(944.7430, 7404.8823), 10.5775","(986.9333, 7404.9331), 10.7245","(1029.0000, 7405.0000), 10.6302","(1071.3090, 7405.0620), 10.5964","(1113.8103, 7404.8105), 10.5538","(1156.5000, 7404.5000), 10.7006","(1198.5333, 7404.5332), 10.6539","(1241.1897, 7404.1895), 10.5540","(1283.8103, 7403.8105), 10.5538","(1325.8103, 7403.8105), 10.5538","(1368.6519, 7403.0698), 10.5687"
"(144.2092, 7445.3896), 10.7380","(186.0000, 7445.5000), 10.7356","(227.9756, 7445.8779), 10.7291","(269.9390, 7445.9268), 10.7254","(312.0667, 7446.0669), 10.7242","(353.7350, 7446.3203), 10.7047","(396.1897, 7446.1895), 10.5540","(438.3182, 7446.5000), 10.5911","(480.5000, 7446.5000), 10.7006","(522.9304, 7446.3481), 10.5687","(565.0000, 7446.5000), 10.7356","(607.4667, 7446.4668), 10.6537","(649.0000, 7447.0000), 10.8168","(691.6724, 7446.6724), 10.7420","(734.4000, 7446.3999), 10.8408","(776.5000, 7446.5000), 10.7006","(818.5333, 7446.5332), 10.6539","(860.5476, 7446.6787), 10.8474","(902.2435, 7447.1318), 10.5726","(944.8104, 7446.8105), 10.5538","(987.0190, 7446.7656), 10.4921","(1029.1897, 7447.1895), 10.5540","(1070.9430, 7447.1582), 10.7776","(1113.8680, 7446.7563), 10.5726","(1156.0696, 7446.6519), 10.5687","(1198.5620, 7446.5083), 10.6564","(1241.2435, 7446.1318), 10.5725","(1283.7430, 7445.8823), 10.5775","(1325.8680, 7445.7563), 10.5726","(1368.1371, 7445.6699), 10.5215"
"(144.3667, 7487.0000), 10.6177","(186.3276, 7487.3276), 10.7419","(228.0000, 7487.5000), 10.7356","(270.1227, 7487.7168), 10.7662","(312.5333, 7487.5332), 10.6539","(355.0000, 7487.5000), 10.7356","(396.8103, 7487.8105), 10.5538","(438.9333, 7487.9331), 10.7245","(480.7857, 7488.2144), 10.6547","(523.1896, 7488.1895), 10.5541","(565.0000, 7488.5000), 10.7356","(607.5000, 7488.5000), 10.7006","(649.5690, 7488.5688), 10.6040","(692.0000, 7488.5000), 10.5476","(734.4310, 7488.4312), 10.6039","(776.5000, 7488.5000), 10.7006","(818.5690, 7488.5688), 10.6040","(860.3158, 7488.7236), 10.6386","(902.6724, 7488.6724), 10.7420","(944.8104, 7488.8105), 10.5538","(987.2143, 7488.7856), 10.6547","(1029.5333, 7488.5332), 10.6539","(1071.7109, 7488.7026), 10.4117","(1114.5000, 7488.0000), 10.7356","(1156.4656, 7488.4653), 10.5580","(1198.7236, 7488.3159), 10.6385","(1241.1897, 7488.1895), 10.5540","(1283.7430, 7487.8823), 10.5775","(1326.1786, 7487.4556), 10.4192","(1368.6748, 7487.1309), 10.5200"
"(144.8825, 7528.7432), 10.5776","(186.5000, 7529.0000), 10.7356","(228.3276, 7529.3276), 10.7419","(270.5000, 7529.5000), 10.7006","(312.7727, 7529.3184), 10.6845","(355.0618, 7529.3091), 10.5962","(397.1846, 7529.6460), 10.7813","(439.5000, 7529.5000), 10.7006","(481.1897, 7530.1895), 10.5540","(523.1896, 7530.1895), 10.5541","(565.5000, 7530.0000), 10.7356","(607.9333, 7529.9331), 10.7245","(650.1896, 7530.1895), 10.5541","(692.0974, 7530.3408), 10.5494","(734.3762, 7530.2822), 10.7619","(777.0000, 7530.0000), 10.8168","(818.5714, 7530.5000), 10.6573","(860.3481, 7530.9302), 10.5686","(902.6724, 7530.6724), 10.7420","(944.9382, 7530.6909), 10.5962","(987.5000, 7530.5000), 10.7006","(1029.5690, 7530.5688), 10.6040","(1072.1176, 7530.2568), 10.5775","(1114.4310, 7530.4312), 10.6039","(1156.4667, 7530.4668), 10.6537","(1198.5000, 7530.5000), 10.7006","(1241.2239, 7530.1528), 10.5657","(1284.0000, 7529.5000), 10.7356","(1326.0000, 7529.5000), 10.5476","(1368.6699, 7529.1372), 10.5214"
"(145.2500, 7570.0000), 10.6801","(187.0122, 7570.6221), 10.6220","(228.9872, 7570.8716), 10.7354","(271.0000, 7571.0000), 10.6302","(313.2435, 7571.1318), 10.5726","(355.5000, 7571.0000), 10.5476","(397.5842, 7571.0527), 10.6365","(439.5000, 7571.5000), 10.7006","(481.5000, 7571.5000), 10.7006","(523.7583, 7571.5923), 10.7077","(565.8104, 7571.8105), 10.5538","(608.3158, 7571.7236), 10.6386","(650.2435, 7572.1318), 10.5726","(692.3090, 7572.0620), 10.5964","(735.3820, 7571.5684), 10.9782","(777.0000, 7572.0000), 10.6302","(819.6083, 7571.7061), 10.7448","(861.1087, 7572.2393), 10.5575","(903.3276, 7572.3276), 10.7419","(945.3666, 7572.3667), 10.7953","(987.5000, 7572.3887), 10.6123","(1029.6724, 7572.6724), 10.7420","(1072.1897, 7572.1895), 10.5540","(1114.7430, 7571.8823), 10.5775","(1156.6748, 7572.1309), 10.5200","(1198.5000, 7572.5000), 10.7006","(1241.2307, 7571.7979), 10.6348","(1283.7025, 7571.7109), 10.4117","(1326.0000, 7571.5000), 10.5476","(1368.2931, 7571.2930), 10.4107"
"(145.2574, 7611.9209), 10.7430","(187.3090, 7612.0620), 10.5964","(229.1530, 7612.2241), 10.5656","(271.5000, 7612.5000), 10.7006","(313.5000, 7612.5000), 10.7006","(355.6724, 7612.6724), 10.7420","(397.5000, 7613.0000), 10.5476","(439.5540, 7613.3311), 10.6422","(481.5000, 7613.5000), 10.7006","(523.5706, 7613.5669), 10.6045","(566.1320, 7613.2437), 10.5726","(608.4310, 7613.4312), 10.6039","(650.5690, 7613.5688), 10.6040","(692.3481, 7613.9302), 10.5686","(735.3276, 7613.3276), 10.7419","(776.8104, 7613.8105), 10.5538","(819.5000, 7613.5000), 10.7006","(861.2650, 7613.6797), 10.7047","(903.1896, 7614.1895), 10.5541","(945.5000, 7614.0000), 10.5476","(987.7408, 7613.9243), 10.5592","(1030.0000, 7614.0000), 10.6302","(1072.1897, 7614.1895), 10.5540","(1114.7430, 7613.8823), 10.5775","(1156.7430, 7613.8823), 10.5775","(1198.4310, 7614.4312), 10.6039","(1240.8793, 7613.8794), 10.4599","(1283.5000, 7613.6250), 10.6251","(1326.0000, 7613.5000), 10.5476","(1368.2570, 7613.1177), 10.5775"
"(145.5000, 7653.5000), 10.7006","(187.5000, 7654.0000), 10.5476","(229.2615, 7654.3623), 10.7396","(271.3276, 7654.3276), 10.7419","(313.7857, 7654.2144), 10.6547","(355.5000, 7654.5000), 10.7006","(397.3667, 7655.0000), 10.6177","(439.3090, 7655.0620), 10.5964","(481.9261, 7654.9390), 10.7248","(523.5333, 7655.5332), 10.6539","(566.1896, 7655.1895), 10.5541","(608.0000, 7655.5000), 10.7356","(650.4667, 7655.4668), 10.6537","(693.1087, 7655.2393), 10.5575","(735.5000, 7655.0000), 10.7356","(777.0000, 7655.5000), 10.7356","(819.7581, 7655.1611), 10.8208","(860.8104, 7655.8105), 10.5538","(903.1429, 7656.0000), 10.7382","(945.5000, 7656.0000), 10.5476","(987.7430, 7655.8823), 10.5775","(1029.8103, 7655.8105), 10.5538","(1072.2391, 7656.1089), 10.5577","(1114.1897, 7656.1895), 10.5540","(1156.5000, 7656.0000), 10.5476","(1198.6910, 7655.9380), 10.5964","(1240.7368, 7656.0000), 10.5266","(1283.3800, 7655.7534), 10.5157","(1325.5690, 7655.5688), 10.6040","(1368.1897, 7655.1895), 10.5540"
"(145.6674, 7695.2812), 10.7042","(187.5000, 7695.5000), 10.7006","(229.3000, 7695.7998), 10.8227","(271.3781, 7695.9878), 10.6221","(313.8571, 7696.0000), 10.7382","(355.4850, 7696.3872), 10.6204","(397.4091, 7696.5908), 10.6844","(439.8830, 7696.6914), 10.5501","(481.8103, 7696.8105), 10.5538","(524.2811, 7696.6675), 10.7040","(566.2342, 7696.9810), 10.4921","(608.5000, 7697.0000), 10.5476","(650.5000, 7697.0000), 10.7356","(692.7761, 7696.8472), 10.5657","(734.6000, 7697.3999), 10.7203","(777.1320, 7697.2437), 10.5726","(819.4000, 7697.3999), 10.8408","(860.8104, 7697.8105), 10.5538","(903.3872, 7697.4849), 10.6205","(945.5690, 7697.5688), 10.6040","(988.0000, 7697.5000), 10.7356","(1029.8103, 7697.8105), 10.5538","(1072.4286, 7697.5000), 10.6573","(1114.5000, 7697.5000), 10.7006","(1156.1897, 7698.1895), 10.5540","(1198.5842, 7698.0527), 10.6365","(1240.8103, 7697.8105), 10.5538","(1283.2142, 7697.7856), 10.6548","(1325.5690, 7697.5688), 10.6040","(1368.1786, 7697.1787), 10.5387"
"(145.9346, 7736.6909), 10.5982","(187.6169, 7737.1753), 10.7582","(229.5714, 7737.5000), 10.6573","(271.5224, 7737.6680), 10.8211","(313.7907, 7737.6104), 10.7380","(355.5000, 7738.0000), 10.7356","(397.7350, 7738.3203), 10.7047","(439.5000, 7738.5000), 10.7006","(482.0000, 7738.5000), 10.7356","(523.8104, 7738.8105), 10.5538","(565.9767, 7738.8838), 10.7333","(608.5690, 7738.5688), 10.6040","(650.5000, 7739.0000), 10.5476","(692.8104, 7738.8105), 10.5538","(735.0000, 7739.0000), 10.8168","(776.7727, 7739.3184), 10.6845","(819.1896, 7739.1895), 10.5540","(861.0000, 7739.5000), 10.7356","(903.6462, 7739.1846), 10.7814","(945.5000, 7739.5000), 10.7006","(987.5690, 7739.5688), 10.6040","(1029.8824, 7739.7432), 10.5776","(1071.8103, 7739.8105), 10.5538","(1114.2019, 7739.7690), 10.6348","(1156.2307, 7739.7979), 10.6348","(1198.2570, 7740.1177), 10.5775","(1240.8103, 7739.8105), 10.5538","(1282.8103, 7739.8105), 10.5538","(1325.4310, 7739.4312), 10.6039","(1367.6210, 7739.4839), 10.6146"
"(145.8061, 7778.4185), 10.7557","(187.7800, 7778.6802), 10.6822","(229.5962, 7779.1152), 10.5967","(272.0000, 7779.0264), 10.7949","(313.6786, 7779.6606), 10.7423","(356.0000, 7779.5000), 10.7356","(397.7694, 7779.7490), 10.6275","(439.8793, 7779.8794), 10.4599","(482.1320, 7780.2437), 10.5726","(524.0000, 7780.5000), 10.7356","(566.2890, 7780.2974), 10.4117","(608.4667, 7780.4668), 10.6537","(650.5690, 7780.5688), 10.6040","(692.5000, 7781.0000), 10.5476","(735.2500, 7780.5000), 10.8542","(777.4333, 7780.5669), 10.6069","(819.6724, 7780.6724), 10.7420","(861.0000, 7781.5000), 10.7356","(903.0000, 7781.3667), 10.6177","(945.3276, 7781.3276), 10.7419","(987.5000, 7781.5000), 10.6067","(1029.9304, 7781.3481), 10.5687","(1072.0000, 7781.5000), 10.5476","(1113.8680, 7781.7563), 10.5726","(1156.2019, 7781.7690), 10.6348","(1198.4839, 7781.6211), 10.6145","(1240.3055, 7782.0000), 10.5639","(1283.0000, 7781.5000), 10.5476","(1325.3872, 7781.4849), 10.6205","(1367.5000, 7781.5000), 10.6067"
"(146.0000, 7820.0000), 10.8168","(188.0000, 7820.3667), 10.6177","(230.0000, 7820.5000), 10.7356","(272.0000, 7821.0000), 10.8168","(314.1282, 7821.0127), 10.7353","(356.0000, 7821.3667), 10.6177","(398.0000, 7821.5000), 10.5476","(440.0000, 7821.6943), 10.5638","(482.2143, 7821.7856), 10.6547","(524.3253, 7821.8691), 10.5198","(566.1896, 7822.1895), 10.5541","(608.4667, 7822.4668), 10.6537","(650.5000, 7822.5000), 10.7006","(692.5690, 7822.5688), 10.6040","(735.2331, 7822.4287), 10.7838","(776.9241, 7822.7407), 10.5592","(819.3158, 7822.7236), 10.6386","(860.7879, 7823.3638), 10.5167","(902.3333, 7824.6665), 11.7426","(945.0000, 7823.6943), 10.5638","(987.4667, 7823.4668), 10.6537","(1029.6182, 7823.4365), 10.6460","(1072.0000, 7823.5000), 10.7356","(1113.8103, 7823.8105), 10.5538","(1155.8793, 7823.8794), 10.4599","(1198.5000, 7823.5713), 10.6574","(1240.2219, 7824.1367), 10.5562","(1282.8103, 7823.8105), 10.5538","(1324.8103, 7823.8105), 10.5538","(1367.3853, 7823.4590), 10.5985"
"(145.0089, 7861.7944), 10.9929","(187.6422, 7862.0640), 10.9670","(229.6780, 7862.3306), 10.7418","(271.6571, 7862.7715), 10.8246","(313.5000, 7863.0000), 10.7356","(355.5000, 7863.1431), 10.6699","(397.6733, 7863.4111), 10.6681","(439.7907, 7863.6104), 10.7380","(481.9884, 7863.6743), 10.8849","(524.2500, 7863.7500), 10.6361","(566.1896, 7864.1895), 10.5541","(608.1896, 7864.1895), 10.5541","(650.3276, 7864.3276), 10.7419","(692.4380, 7864.4917), 10.6565","(734.5000, 7864.5586), 10.6651","(776.8104, 7864.8105), 10.5538","(818.8104, 7864.8105), 10.5538","(860.6699, 7865.1372), 10.5214","(902.4333, 7865.5669), 10.6069","(944.6818, 7865.5000), 10.5911","(987.3666, 7865.3667), 10.7953","(1029.5344, 7865.5347), 10.5578","(1071.5690, 7865.5688), 10.6040","(1113.8103, 7865.8105), 10.5538","(1155.8103, 7865.8105), 10.5538","(1198.3790, 7865.5161), 10.6146","(1240.5669, 7865.5708), 10.6044","(1282.7106, 7865.7104), 10.4156","(1324.8103, 7865.8105), 10.5538","(1367.1694, 7865.4258), 10.4428"
"(144.9767, 7903.8838), 10.7333","(187.5000, 7904.0000), 10.7356","(229.0000, 7904.5000), 10.7356","(271.0000, 7904.5000), 10.7356","(313.0000, 7905.0000), 10.8168","(354.9874, 7905.3701), 10.6267","(396.9864, 7905.3794), 10.6225","(439.5000, 7905.5000), 10.7006","(481.5000, 7905.5000), 10.7006","(523.1896, 7906.1895), 10.5541","(565.5769, 7906.1924), 10.5788","(607.8750, 7906.1250), 10.6435","(649.5000, 7906.5000), 10.7006","(691.8104, 7906.8105), 10.5538","(734.5000, 7906.5000), 10.7006","(776.6000, 7906.6001), 10.8407","(818.6724, 7906.6724), 10.7420","(860.4000, 7907.3999), 10.8408","(902.4000, 7907.3999), 10.8408","(944.5000, 7907.5000), 10.7006","(986.1896, 7908.1895), 10.5540","(1028.8103, 7907.8105), 10.5538","(1071.0000, 7908.0000), 10.6302","(1113.1897, 7908.1895), 10.5540","(1155.1897, 7908.1895), 10.5540","(1197.5000, 7908.3184), 10.5910","(1239.6842, 7908.2764), 10.6385","(1282.0385, 7908.2822), 10.5613","(1324.1897, 7908.1895), 10.5540","(1366.6945, 7908.0000), 10.5639"
"(145.4392, 7945.2720), 10.8118","(188.0000, 7945.0000), 10.8168","(229.8125, 7945.5000), 10.8242","(271.7500, 7945.7500), 10.6361","(313.9000, 7946.1001), 10.6405","(356.0000, 7946.0000), 10.8168","(397.5690, 7946.5688), 10.6040","(439.5909, 7947.0454), 10.6340","(481.9333, 7946.9331), 10.7245","(524.0667, 7947.0669), 10.7242","(566.1320, 7947.2437), 10.5726","(607.8824, 7947.7432), 10.5776","(650.5000, 7947.5713), 10.6574","(692.1896, 7948.1895), 10.5540","(734.6219, 7948.0122), 10.6221","(777.0000, 7948.0000), 10.8168","(818.8774, 7948.2832), 10.7660","(861.0000, 7948.5000), 10.7356","(902.7430, 7948.8823), 10.5775","(944.7408, 7948.9243), 10.5592","(986.7857, 7949.2144), 10.6547","(1029.1897, 7949.1895), 10.5540","(1071.5089, 7949.3037), 10.5895","(1113.7236, 7949.3159), 10.6385","(1155.2592, 7950.0757), 10.5592","(1197.8103, 7949.8105), 10.5538","(1240.1104, 7949.5518), 10.4265","(1282.5000, 7949.5000), 10.7006","(1324.5000, 7950.0000), 10.7356","(1367.0000, 7949.5000), 10.5476"
"(145.6101, 7986.7905), 10.7380","(187.5000, 7987.0000), 10.7356","(230.0000, 7987.0000), 10.8168","(271.6724, 7987.6724), 10.7420","(313.7490, 7987.7695), 10.6276","(355.8781, 7987.9756), 10.7292","(397.5000, 7988.5000), 10.7006","(439.6724, 7988.6724), 10.7420","(481.6910, 7988.9380), 10.5964","(523.5000, 7990.0000), 11.1019","(565.8666, 7989.8667), 11.0017","(608.0000, 7990.1313), 11.2985","(650.2097, 7990.2095), 11.1079","(692.0000, 7990.3687), 11.1132","(733.6000, 7990.3999), 10.8407","(776.5000, 7990.3999), 11.4111","(819.0000, 7990.3613), 11.1189","(860.5000, 7991.0000), 10.9660","(902.5000, 7991.3945), 11.4059","(944.5482, 7991.2705), 10.8038","(987.0000, 7991.4688), 10.9874","(1029.0000, 7991.4688), 10.9874","(1071.0000, 7991.6470), 10.8660","(1113.5000, 7991.9375), 11.0513","(1155.5000, 7992.0293), 10.9929","(1197.5000, 7992.3125), 10.8155","(1239.8837, 7991.9766), 10.7334","(1282.5000, 7992.0000), 11.0115","(1324.5000, 7992.0293), 10.9929","(1367.0000, 7991.6470), 10.8660"
